,texture,watermark,variance,skewness,kurtosis,entropy,target
0,7.111447383838484,0.1111111111111111,971.8256437869717,-2.7452452125737365,8.74328460721252,6.100333813767114,0.0
0,10.314994368471856,0.1111111111111111,2238.5863639105505,-1.450701243118647,1.6086321305351268,7.06073292605606,0.0
0,10.909120356308538,0.1111111111111111,2648.1029357058856,-1.5464837987221192,1.4294008372595615,6.95996402923894,0.0
0,18.620677075113296,0.1111111111111111,2791.327995400646,-1.192011777501894,0.4646201158686929,7.267607648216034,0.0
0,6.8078745511445575,0.1111111111111111,1889.6310522290269,-1.6239511639142756,2.2126394370580416,6.933601078089261,0.0
0,16.251049530439854,0.1111111111111111,1745.4521712705698,-1.8044828224706737,3.127920151839464,6.860178342743718,0.0
0,7.094799669359989,0.1111111111111111,2746.5399351591445,-1.4450618472548822,1.032091069885035,7.035737602961223,0.0
0,8.147849070427615,0.1111111111111111,2913.9174430100993,-1.0893199204889479,0.4575123557507985,7.374746831412617,0.0
0,49.81813038985085,0.1111111111111111,3076.0397554245196,-1.2657468754899768,0.590753084241888,7.27380144073668,0.0
0,40.114118161818965,0.1111111111111111,2966.6036114998356,-1.3516768834857635,0.8608603883616208,7.216102023759859,0.0
0,23.55618732628626,0.1111111111111111,2363.240926726079,-1.6083568979199623,1.591661693652898,6.805562195588188,0.0
0,10.50008190279987,0.1111111111111111,2331.1590618626337,-1.5397486770120143,1.512447212163285,6.951139520151003,0.0
0,1.6492599784281556,0.1111111111111111,1144.4481868174037,-1.98579965951257,4.508427170167344,6.597480334601775,0.0
0,70.41258785379483,0.1111111111111111,2393.5838984063917,-1.161240670360684,0.7316734744603726,7.26701250572649,0.0
0,15.987381030486679,0.1111111111111111,3322.1481325310824,-1.1092561825688834,0.04525735609790482,7.322556903080978,0.0
0,36.22357664441531,0.1111111111111111,2524.460343381674,-0.8324651372531716,-0.05880586667987986,7.454441377997477,0.0
0,48.268956130594255,0.1111111111111111,2752.3559900000523,-0.8119306331819905,-0.19536384468237822,7.497084369047168,0.0
0,20.881220649087417,0.1111111111111111,3302.135951521348,-0.9960958002194618,-0.09996725007964269,7.4245558351271645,0.0
0,23.52071307972061,0.1111111111111111,2233.902677951494,-1.1891240296035261,0.5489288224064253,7.075118343557323,0.0
0,15.094006889311832,0.1111111111111111,2971.1191842341764,-0.8859811701291034,-0.37346089701208074,7.335613505519602,0.0
0,71.71896847001605,0.1111111111111111,3550.5256180869615,-1.0448945522288764,-0.09726788493444039,7.387187045930299,0.0
0,6.020613518558063,0.1111111111111111,3122.2649483365317,-1.093658489476135,0.09994932510078014,7.278933276754875,0.0
0,27.291336578553267,0.1111111111111111,3505.759163957063,-0.9162201125849802,-0.31293366215803387,7.4065336549594,0.0
0,5.820206768239873,0.1111111111111111,1778.0889274806107,-1.4311234263304937,2.006908266675154,7.014848293259865,0.0
0,10.033338301978118,0.1111111111111111,3034.8088848507887,-1.2418199998904376,0.38259789769416797,7.016117108884187,0.0
0,8.312658160562744,0.1111111111111111,3231.6042631023215,-1.1209523083455781,0.024556465830946284,7.109825198709712,0.0
0,5.258526838867772,0.1111111111111111,3753.850117654598,-1.0516418714358755,-0.3210555699546047,7.044085813699195,0.0
0,17.929867808135363,0.1111111111111111,3848.5444901217406,-0.8589841590046933,-0.7245329505109539,7.1744360495148545,0.0
0,8.54823985331201,0.1111111111111111,3281.3482346609053,-1.1959047621405123,0.3238884500018502,7.263274717648191,0.0
0,30.003064370679812,0.1111111111111111,3578.287635345109,-0.614314849678157,-0.6028853675205594,7.68375599734822,0.0
0,16.91754840981705,0.1111111111111111,3805.165195635211,-0.9224785465846077,-0.46240997309109,7.388507839465161,0.0
0,5.785058609234698,0.1111111111111111,2655.55117159725,-1.011107670590861,0.30980883477812915,7.348783663737855,0.0
0,12.948467968926675,0.1111111111111111,2227.3249844610214,-1.0202220637841506,0.8757381628432781,7.319001424746396,0.0
0,54.68449645378107,0.1111111111111111,3951.7426942617244,-0.8256166133329708,-0.5530211762404091,7.527552699059589,0.0
0,14.425423523053416,0.1111111111111111,2507.591790536661,-1.180548784069291,0.6966515079044195,7.2891444468722,0.0
0,18.027304854276082,0.1111111111111111,2860.4550048967767,-0.8677933999409536,-0.12256407730999985,7.491597732495899,0.0
0,31.12224789534691,0.1111111111111111,3260.419699963433,-0.7656689533059712,-0.3192629227915602,7.621198382214926,0.0
0,9.596652480251583,0.1111111111111111,4281.809168617636,-0.12197852290667915,-1.230774261893549,7.783801034817367,0.0
0,7.135479093580644,0.1111111111111111,3817.3103159273087,-0.33896561912216866,-1.1438477669552138,7.661663331930017,0.0
0,5.198765551663573,0.1111111111111111,4700.294800409191,-0.3192632111731353,-1.4829285025425198,7.497614973349073,0.0
0,13.407040257488015,0.1111111111111111,4444.51469416548,-0.5552084820785683,-1.1625059890699376,7.5240130158512155,0.0
0,13.614213630451705,0.1111111111111111,3213.2978798117024,-1.1123491262551213,0.06672342288523847,7.289287334038905,0.0
0,8.935255192365446,0.1111111111111111,3205.5904142620957,-0.7614414879084329,-0.546512017004996,7.4753286062512965,0.0
0,35.01052597867274,0.1111111111111111,3313.6984087070996,-0.4265813626969972,-0.9549442620479911,7.639879197206204,0.0
0,22.658646670548457,0.1111111111111111,2630.0973534561554,-0.49284808276588293,-0.5892173301612749,7.561509181885677,0.0
0,22.40073718987144,0.1111111111111111,2559.5719803682414,-0.6350037286030435,-0.6129464685369217,7.459471866890244,0.0
0,17.9255144481213,0.1111111111111111,2210.2487584292526,-0.4231674209974809,-0.5879756857189151,7.4663644310209385,0.0
0,41.26057513013853,0.1111111111111111,1905.8845099337796,-0.686844385296155,0.029853409820827626,7.361258363597954,0.0
0,19.89706636328327,0.1111111111111111,2681.5871905151353,-0.3600138523831175,-0.871596966676857,7.560024089201173,0.0
0,9.952757790420659,0.1111111111111111,2878.23020309218,-0.46543623668393247,-0.8183992814024434,7.524770753846347,0.0
0,5.7645600493072475,0.1111111111111111,2942.425783896391,-0.5044719720181834,-0.8553772056961702,7.445590966810359,0.0
0,9.741747719470178,0.1111111111111111,3473.512073052103,-0.6429056524970156,-0.9387952000454529,7.349543077000888,0.0
0,11.9609684747653,0.1111111111111111,2543.571287384269,-0.39490657076012975,-0.7779767245051401,7.561059173757691,0.0
0,18.50705461026252,0.1111111111111111,2589.152397575557,-0.17481314139039708,-0.8617704622193831,7.5880552427878465,0.0
0,17.983297468350788,0.1111111111111111,2827.959178738506,-0.3255226290731832,-0.9564374373517501,7.600623741696891,0.0
0,49.31411567602936,0.1111111111111111,3039.070384222955,-0.3715818750540944,-0.947881881452934,7.624581273337872,0.0
0,1.2883302909156946,0.1111111111111111,1336.2374507369063,-1.4811655045837426,1.7612470690573252,6.676153721515566,0.0
0,33.013113021444525,0.1111111111111111,3615.695465165042,-0.3566530462567624,-1.0775952489626743,7.670092368533128,0.0
0,15.309716654562942,0.1111111111111111,2623.545295331412,-1.0386328835720589,0.6472710568470181,7.457064429982266,0.0
0,13.187428332211368,0.1111111111111111,2176.057784121761,-1.1550718074093174,0.6684688734239734,7.21155039842578,0.0
0,67.66809163702781,0.1111111111111111,2878.2668598695054,-0.8896505599295367,0.14054736747957364,7.546311802661534,0.0
0,55.74108569078063,0.1111111111111111,2992.417350149254,-1.1005565448629995,0.3297032102076263,7.394467368055581,0.0
0,4.90759507210767,0.1111111111111111,1919.382684825874,-1.937962720989008,3.3793803801332265,6.734485945038887,0.0
0,49.5244463787201,0.1111111111111111,2821.083873872265,-1.3658845375488113,0.7136189157447634,6.872620215668691,0.0
0,14.090417011925515,0.1111111111111111,2191.034324891242,-1.4694544761541692,1.3091539453645762,6.818032167960473,0.0
0,6.498145298840579,0.1111111111111111,2472.504690922623,-1.5266179390795571,1.3495338108785404,6.8557971271178175,0.0
0,51.88682836012042,0.1111111111111111,2860.098408507382,-1.2485593093742826,0.5098671283907517,7.137454265695061,0.0
0,21.733345148255633,0.1111111111111111,2193.521186907318,-1.3677863456431987,0.9474709629291844,6.934602724649029,0.0
0,7.144306384076136,0.1111111111111111,2074.6055471614586,-1.7207649962091023,2.1865579202735006,6.666506002734819,0.0
0,12.238558915515913,0.1111111111111111,2045.0144700152039,-2.094906291827999,3.5902676638190245,6.433006772464422,0.0
0,2.6428098619267844,0.1111111111111111,1714.178963730384,-1.2588179310990972,0.793674802295135,6.76683743892319,0.0
0,5.461008973035485,0.1111111111111111,1760.3859801369983,-1.383640948694165,1.1927360709839734,6.8761018838175065,0.0
0,7.880182800617805,0.1111111111111111,1425.8127670545255,-1.8178981667932834,3.384222814430414,6.583653648689212,0.0
0,14.37614835511899,0.1111111111111111,1554.785148734528,-1.7895848931796272,3.4143164961587145,6.7503910153196,0.0
0,7.593099048609261,0.1111111111111111,2311.5004348656034,-1.2478570919938363,1.1329598203146363,7.2312823224414915,0.0
0,6.986198263159014,0.1111111111111111,2227.524003260508,-1.5325665660064285,1.9771986298823165,7.101744246503578,0.0
0,20.175076577506033,0.1111111111111111,2008.157797488433,-1.6226857373020227,1.843440653810445,6.746978784497228,0.0
0,5.145939370046278,0.1111111111111111,1921.6824941758327,-1.0317254180995212,0.009011568903815714,6.941187300070011,0.0
0,162.32451982644756,0.1111111111111111,3284.96625521929,-0.5823121509458659,-0.767497303517795,7.614596762977217,0.0
0,53.29073268703962,0.1111111111111111,2171.1592146326198,-1.045097002021004,0.20496396489863322,7.147904070860171,0.0
0,4.53704810337336,0.1111111111111111,1586.1915969125262,-1.519097392604732,1.4914028986198504,6.672565664226856,0.0
0,11.042522301129624,0.1111111111111111,2076.2651907905997,-0.686690446285246,-0.5861806614593417,7.138613961550963,0.0
0,3.4687962964115835,0.1111111111111111,2250.451212758227,-1.3559451680352483,0.9882228224033605,6.931300192589343,0.0
0,18.84574429126474,0.1111111111111111,2235.7041743958193,-0.6216949457946042,-0.7480675808347974,7.205371328330929,0.0
0,12.746763067672779,0.1111111111111111,2708.72472332018,-1.391970661218333,0.8440323696660035,6.843296558216121,0.0
0,21.315403362921327,0.1111111111111111,1359.6185846725207,-2.586961486624086,7.051157285096901,6.385692797139544,0.0
0,9.511972743023088,0.1111111111111111,1375.6922914353927,-2.4779059579489697,6.253667445219257,6.411187568157839,0.0
0,21.981901889510475,0.1111111111111111,1491.179184415355,-2.3317839887196556,5.6766453332095725,6.614662728475421,0.0
0,7.185558945323495,0.1111111111111111,1621.4130802737204,-2.1932014838062477,4.430893357941884,6.526355715541128,0.0
0,33.16225676305901,0.1111111111111111,2989.062588232892,-0.9366543207632739,-0.0749957580640439,7.42091562886253,0.0
0,15.198633642861438,0.1111111111111111,1828.002939836819,-1.5031477433810208,1.9516890897715342,7.050274680645505,0.0
0,29.396488195727432,0.1111111111111111,2686.4337930315323,-1.3145286376385552,0.9161652264235989,7.2155568925261155,0.0
0,23.331424216704296,0.1111111111111111,2934.677538035843,-1.1240545261981472,0.2299184410834081,7.297381649342845,0.0
0,13.851627898173405,0.1111111111111111,2133.2213646334058,-1.2183677271235827,0.9582638823048408,7.205902032034652,0.0
0,9.555570510528783,0.1111111111111111,1913.9494316659752,-1.7225015010091749,2.1305651728324966,6.697848003851155,0.0
0,4.39058494179761,0.1111111111111111,2214.2405529774733,-1.1196892636655256,0.3958159520590767,7.122288772392448,0.0
0,9.47722124920254,0.1111111111111111,2288.935423301693,-1.8560334494600184,2.60614376590833,6.720997576535253,0.0
0,12.865922880420262,0.1111111111111111,1728.976332696868,-2.0150753452386736,4.034053453230268,6.724752315670317,0.0
0,26.016610265123084,0.1111111111111111,2171.4410526695347,-1.5673116476081432,1.8727906150959344,7.033553502910609,0.0
0,4.640607953613782,0.1111111111111111,1853.4070395614149,-1.2419548585531572,1.186952766008118,7.132824557007244,0.0
0,3.206634529573273,0.1111111111111111,2335.555092095815,-1.357662641444737,1.396553427264008,7.16685666336922,0.0
0,18.223893287749192,0.1111111111111111,1843.2765504466174,-1.8726459160005655,3.4314863772559603,6.922164618538234,0.0
0,11.446830357082614,0.1111111111111111,2455.284774759984,-0.7719384995505505,-0.3782130562073336,7.404769469910749,0.0
0,6.228569658905784,0.1111111111111111,2231.17458806832,-0.8985370769002364,-0.024309898216502646,7.143243220215705,0.0
0,9.66444118265424,0.1111111111111111,3380.4931338627307,-1.0916764029822603,-0.10388729631675986,7.13306322454391,0.0
0,5.770224039812691,0.1111111111111111,4493.224054927005,-0.5337036259237713,-1.1613314950638118,7.4812727785865984,0.0
0,13.141914697585506,0.1111111111111111,3858.1739152147256,-0.8423518627057823,-0.6199982054451345,7.359896440818922,0.0
0,42.155626137033366,0.1111111111111111,4199.575637338553,-0.8202050663973202,-0.747862563313149,7.35780477084161,0.0
0,13.152605839329857,0.1111111111111111,2954.5613784360676,-1.179446969254543,0.26889005603894267,7.138230512095924,0.0
0,3.7161779746548214,0.1111111111111111,2046.9798287891767,-1.4828031940006956,1.598932569253651,6.8689280076843175,0.0
0,15.058864265804587,0.1111111111111111,2636.0105473993112,-1.5820052654358794,1.4079702086275958,6.882840410919759,0.0
0,9.94101799169984,0.1111111111111111,1007.2891015633016,-2.4785188150964856,7.661884787310397,6.351738535963268,0.0
0,4.008288093978705,0.1111111111111111,1459.283170630309,-2.2833417417879307,5.726584878381303,6.563680430837669,0.0
0,35.77115899710999,0.1111111111111111,2243.621881030991,-1.685520370303916,2.231649907358112,6.902897586162154,0.0
0,9.51966475088488,0.1111111111111111,3057.2213259841888,-1.2757898488714958,0.4507017669110218,7.0713961772372915,0.0
0,13.405112498734976,0.1111111111111111,1999.881356475345,-1.7458986670331604,2.627364025021043,6.890885759788161,0.0
0,18.113067447588364,0.1111111111111111,2840.0371490928196,-1.1755729856367882,0.5863437850587903,7.387872331180723,0.0
0,32.33927284132353,0.1111111111111111,3399.9510739915204,-1.068295046473305,0.02940022798255093,7.441577049738923,0.0
0,3.074857805936465,0.1111111111111111,2162.1318273650804,-1.1100424614015978,0.38549894563170106,7.109623922885636,0.0
0,5.836879969654017,0.1111111111111111,1782.0475190584013,-1.9760654493298346,3.497637701218774,6.618187166531665,0.0
0,9.694133363645696,0.1111111111111111,2322.843786521244,-1.4428754297562452,1.4978917948525554,7.123811048045795,0.0
0,1.878110783833914,0.1111111111111111,1545.6243074922481,-2.142500331547994,4.0751562248124795,6.3942128268493965,0.0
0,5.701602056378034,0.1111111111111111,3097.323474923444,-1.3131284033404356,0.5154256337377534,7.057743613199154,0.0
0,7.618965799380388,0.1111111111111111,2216.987284238415,-1.4751872191064153,1.5506864792322688,6.943510871957975,0.0
0,47.805817396983166,0.1111111111111111,3482.731554991929,-0.858381123004676,-0.503048801448438,7.476727346741382,0.0
0,20.401701952682593,0.1111111111111111,2864.8809193884294,-1.512283906905186,1.0718037381044363,6.748325640388976,0.0
0,28.702195847371126,0.1111111111111111,2576.5809145466383,-1.5141051345520515,1.1574971339223659,6.90024592903029,0.0
0,14.849482660507428,0.1111111111111111,3200.006691978387,-1.4384867379302437,0.7059492383648815,6.740153409392245,0.0
0,10.722874884496873,0.1111111111111111,2498.887810048813,-1.780585440066228,2.10028124960054,6.629789506365544,0.0
0,28.469008281171654,0.1111111111111111,2726.2671674722237,-1.6858973957996004,1.8489461263220264,6.962914938192144,0.0
0,7.236384138813962,0.1111111111111111,1798.2914602434732,-1.9593349345559075,3.6036303966548306,6.830068713018313,0.0
0,70.2202703013975,0.1111111111111111,3348.596261637447,-1.2056285710686272,0.3815015543384037,7.311610008766034,0.0
0,3.5262979643950296,0.1111111111111111,2797.3938864918036,-0.8280715089723032,-0.12333001388542275,7.479790459736476,0.0
0,10.83599745846804,0.1111111111111111,1950.3162260089398,-1.648016753341029,2.3765695456090814,6.991357100281935,0.0
0,11.575251524325889,0.1111111111111111,1661.3196665280816,-1.333869749343325,1.1245358132313612,6.7885306272923405,0.0
0,23.654794305472134,0.1111111111111111,2446.8833715360024,-1.8632985767346288,2.552075534151186,6.804727680786503,0.0
0,24.903277755159166,0.1111111111111111,2850.8138503800647,-1.7108123479010335,1.8548456127624986,6.902789374828776,0.0
0,9.943641855705037,0.1111111111111111,2308.4250659645004,-1.7589882175783227,2.1500753022817705,6.690974074133549,0.0
0,7.546231476477961,0.1111111111111111,3037.789154808733,-1.4720186886980453,0.9942073871643453,6.9125404634682095,0.0
0,43.86397455770718,0.1111111111111111,3343.7165747007543,-1.319377763814675,0.48217774348417386,7.105704836204289,0.0
0,23.827666145526376,0.1111111111111111,2497.700555968007,-1.2925244952243853,0.6326033936819146,7.104185254196146,0.0
0,9.74800678793729,0.1111111111111111,2328.400641972783,-1.901816171656964,2.683392370462707,6.680885672938274,0.0
0,4.328025360324609,0.1111111111111111,1952.5625036557697,-1.526185231158769,1.64052321391953,6.973531783242582,0.0
0,6.674168560661101,0.1111111111111111,2503.9991044319536,-1.3646326321601618,0.6598477264572566,6.84879767766405,0.0
0,9.586700464873285,0.1111111111111111,2813.434194044487,-1.3830620908850602,0.6984200575190496,6.9296186648995075,0.0
0,33.65406395520722,0.1111111111111111,1276.346706348347,-2.0457937108471924,4.328575770915614,6.587300216008032,0.0
0,3.1466235764654717,0.1111111111111111,2795.0461605686237,-0.947788909711262,-0.14426043292131263,7.3408952161687315,0.0
0,3.7522360848065888,0.1111111111111111,2745.947340069978,-1.3814379947933508,0.5398868710100513,6.736543736171042,0.0
0,27.695010006028536,0.1111111111111111,2279.2181815461727,-1.6785175241818713,2.3523169219675513,6.992023506011019,0.0
0,17.108105204957617,0.1111111111111111,1624.2061067310112,-2.466006018260848,6.125643320103725,6.485868112322173,0.0
0,16.12607512820089,0.1111111111111111,1909.6929915384544,-1.9640736342394012,3.4659945463916095,6.799599347725476,0.0
0,25.708653174468175,0.1111111111111111,2075.929223128876,-1.8997490925816538,3.149281590522558,6.867693487720656,0.0
0,36.46395160303734,0.1111111111111111,2251.38683533141,-1.9095652241396512,3.0682580493468787,6.8706964458146,0.0
0,28.153478968525217,0.1111111111111111,2750.900574886226,-1.785171373386155,2.237933090679972,6.904670778664517,0.0
0,26.727458130899937,0.1111111111111111,1586.3940806045382,-1.651378607256393,2.3962002802212394,6.879155756298712,0.0
0,30.385502702362267,0.1111111111111111,3898.697824878391,-1.0235035817454312,-0.37986502745568806,7.17578338251781,0.0
0,1.8275685186452584,0.1111111111111111,1678.1967078121988,-1.5361388015054884,1.6322402812099144,6.643240514701383,0.0
0,25.27914360230755,0.1111111111111111,3117.13494477567,-1.5217265628179253,0.998763903558352,6.790153037852509,0.0
0,34.58191699513123,0.1111111111111111,2582.305810303609,-1.2657354506116039,0.7966974758482177,7.252056471117919,0.0
0,27.446741506482233,0.1111111111111111,3742.181680977298,-1.075489395372178,-0.22434107874974307,7.248758245668452,0.0
0,15.642462071610822,0.1111111111111111,3567.7787436382696,-1.2105978227547303,0.29214441528380686,7.284279644560939,0.0
0,19.483126624814677,0.1111111111111111,1548.107071889666,-2.215114788135817,5.294694724891851,6.71363263755902,0.0
0,20.674077576648383,0.1111111111111111,3039.8556708669134,-1.4414380341589954,0.9410832829692066,7.074474330922373,0.0
0,20.419791650271076,0.1111111111111111,2010.6501518112996,-2.1415618285595728,4.1006468970422585,6.6217044090933355,0.0
0,6.782548266279877,0.1111111111111111,1916.513362867402,-1.9472643889766421,3.1384899134111617,6.68956071121319,0.0
0,8.585148982386487,0.1111111111111111,1929.6247728667965,-1.882538235913644,3.23048601041973,6.893788052745074,0.0
0,10.286364430532565,0.1111111111111111,2224.0796169624314,-1.5792258930797636,1.729958759030846,6.878938637616358,0.0
0,3.881595964651683,0.1111111111111111,1831.0671816757838,-1.606195475865246,1.9687790840720067,6.686723253288287,0.0
0,15.500895097139509,0.1111111111111111,3768.8656291682355,-0.8958562738159416,-0.48090307267779187,7.447311889282059,0.0
0,13.809543212580124,0.1111111111111111,2036.7924697242875,-1.6672473851851868,2.464298036599634,7.006534732311827,0.0
0,10.39050354556804,0.1111111111111111,1897.3248442845263,-2.0228558423137373,3.7034821772479507,6.678729929207677,0.0
0,49.16506957376861,0.1111111111111111,2894.463364658808,-1.4318334722969488,1.2288590228439764,7.252676737899428,0.0
0,12.432071112191853,0.1111111111111111,1859.6143966553716,-2.0361259906320988,3.9473966841359154,6.79083846226016,0.0
0,10.551748694820033,0.1111111111111111,1620.609969167083,-1.660514537528724,2.24050524858116,6.775634464925078,0.0
0,49.71953350007194,0.1111111111111111,2932.3850572501938,-1.572527246197192,1.3705530458808273,6.972207062604259,0.0
0,18.07247379047413,0.1111111111111111,2095.6933572312632,-1.8687815338264584,3.0482355934965106,6.900087890703989,0.0
0,12.49531179169601,0.1111111111111111,2181.7793711180584,-1.789694830396736,2.605250510757755,6.879227854931259,0.0
0,6.05245504558996,0.1111111111111111,2756.202762775895,-1.2618602543857074,0.65205305218349,7.134550481133189,0.0
0,3.7565769247033765,0.1111111111111111,1688.1978992522274,-2.220168295753947,4.70735768071376,6.444679389548565,0.0
0,10.863223435046866,0.1111111111111111,2484.0307946249836,-1.4049798957105848,1.0594232971121622,7.013034052434446,0.0
0,3.209571525955262,0.1111111111111111,1525.002319864844,-1.4912045440002406,2.156468486260417,6.977577823687991,0.0
0,10.884134178487335,0.1111111111111111,1239.3269497936662,-2.749893129154422,8.251234012568117,6.361796691392798,0.0
0,17.80895278353183,0.1111111111111111,1375.8010971640017,-2.4998641014280736,6.781952518853432,6.538956938490527,0.0
0,37.30240195626413,0.1111111111111111,2454.2610924410524,-1.4733253004521387,1.3736670569655605,7.089997719693103,0.0
0,23.502759262025652,0.1111111111111111,2911.324961590889,-1.4895167063649433,1.0935039431009024,6.993872232540909,0.0
0,23.5414536026389,0.1111111111111111,3444.489022221059,-1.207024225706561,0.2598532267713938,7.233260963040634,0.0
0,13.646645148663449,0.1111111111111111,3442.1924487751985,-1.0744884712548708,-0.014034188937154024,7.366294478704459,0.0
0,10.673253929425654,0.1111111111111111,3458.785653244671,-1.0634469088748253,-0.17267093054411253,7.248184276439363,0.0
0,37.92004548200397,0.1111111111111111,3900.5332200326284,-0.6171804686232522,-1.013193777399423,7.479892908668975,0.0
0,7.309050694726521,0.1111111111111111,1367.591389824213,-1.9884753523141063,3.754837912971075,6.496980314206358,0.0
0,31.37196929971186,0.1111111111111111,3891.0842907999854,-0.594220911656786,-0.9190779425482529,7.6139394249826795,0.0
0,15.296582626054988,0.1111111111111111,4067.8386740368087,-0.30152074803991075,-1.2103318662164753,7.697489155767837,0.0
0,26.57321981779135,0.1111111111111111,3150.6993264986804,-0.9692754745204221,-0.21720897696725583,7.314010591377848,0.0
0,30.36307035712515,0.1111111111111111,3981.7313384111335,-0.7549203778443787,-0.8171339015505823,7.436816462463412,0.0
0,39.28997138897056,0.1111111111111111,4316.457957362292,-0.7114196414031039,-0.8919609409347671,7.491236323663932,0.0
0,10.90148435686905,0.1111111111111111,3920.6096580879,-0.6757227020298926,-0.9950939609130769,7.423821226335179,0.0
0,13.360265494374085,0.1111111111111111,2638.9571011251664,-1.1255055368408222,0.16724103465584994,7.213962887572396,0.0
0,6.054630198042547,0.1111111111111111,1824.2448351201012,-1.0439026721747353,0.5047915820934374,7.195548427595676,0.0
0,6.66399902546879,0.1111111111111111,1374.8119556626143,-1.0943131820246628,0.730077108571523,6.9676857801693615,0.0
0,34.5687488338209,0.1111111111111111,3565.4400969222925,-1.2339221527140563,0.221721113503214,7.122636078016583,0.0
0,5.742624635088181,0.1111111111111111,1002.7758715143569,-2.721930433440832,8.84042456028701,6.294464353724366,0.0
0,12.425773012339945,0.1111111111111111,2312.510197622573,-1.1098199169821912,0.30893353897752096,7.166546331766172,0.0
0,39.62030932865365,0.1111111111111111,3760.17702360416,-0.5759869744732661,-0.9954496746353647,7.585581388057315,0.0
0,57.80537128058175,0.1111111111111111,3053.9076941186504,-0.7245048256445765,-0.577055881925435,7.512617721310712,0.0
0,14.727172730941229,0.1111111111111111,4403.075835098779,-0.2396870307063282,-1.3395135994971472,7.739143036153697,0.0
0,5.1070184882401914,0.1111111111111111,2965.754233283689,-0.8974387498912773,-0.39599711765620516,7.323672918170049,0.0
0,6.7277845170000266,0.1111111111111111,2692.212880595117,-1.4154065173352723,1.0533867580840761,7.066067892429211,0.0
0,8.076873505902544,0.1111111111111111,3190.7819042136994,-0.765819793590345,-0.6907734126367653,7.42247031108403,0.0
0,12.458411700695788,0.1111111111111111,3186.8384163130304,-0.5375928500965915,-0.9165777754331486,7.579566535149874,0.0
0,17.69589191725258,0.1111111111111111,2764.3844223342435,-1.1076790120243274,0.1453367858191048,7.208047954595845,0.0
0,16.440143900251204,0.1111111111111111,3370.183511153645,-0.94639865931252,-0.4250564806978745,7.291840480770166,0.0
0,6.661903842625766,0.1111111111111111,1074.2180007575766,-2.6411616368097586,7.96016740224257,6.301787497982595,0.0
0,4.367138705658573,0.1111111111111111,2994.0012599070524,-1.196124960901972,0.26769743349604314,7.124909151391636,0.0
0,5.758364243748149,0.1111111111111111,2335.8880642703966,-1.0708550064037445,0.2982213678484267,7.2224153560149045,0.0
0,7.5274630996949865,0.1111111111111111,3167.9760916043615,-1.0321965612133523,-0.11324935284630167,7.284027483486881,0.0
0,5.405719038884879,0.1111111111111111,2841.362234869147,-1.3249612046200787,0.6696799889557221,7.055702543522012,0.0
0,5.906741307655645,0.1111111111111111,2853.7422981682175,-1.1403088618580903,0.2610731928758816,7.227238585374577,0.0
0,24.34684910505667,0.1111111111111111,3382.7775269363065,-1.017522056553075,-0.32821613089604185,7.1747006372228155,0.0
0,25.67945962290029,0.1111111111111111,3128.7714704078985,-0.8362168367731113,-0.3797911466151058,7.467192806439286,0.0
0,15.23384420508211,0.1111111111111111,3224.920783673036,-0.7382152297886707,-0.725076521391105,7.428732001507536,0.0
0,46.00407065347827,0.1111111111111111,3571.9321020071297,-0.6032225452773367,-0.8151963680627143,7.567900593803929,0.0
0,22.88352314158289,0.1111111111111111,4495.008841290306,-0.4985527751866345,-1.1247619557942772,7.546884342622128,0.0
0,6.465065843375408,0.1111111111111111,971.6509220141556,-2.473467959477491,7.928711566544781,6.383328704356702,0.0
0,7.77230913834623,0.1111111111111111,1586.4921182122844,-1.7157342389516501,2.4331843511202145,6.587141525085843,0.0
0,48.43870083038117,0.1111111111111111,4038.115464427283,-0.5898905641028612,-1.038741296495897,7.5317448203819595,0.0
0,24.912751685239098,0.1111111111111111,3685.0653942070594,-0.7355325631974194,-0.6491763985409849,7.513016014979088,0.0
0,9.58797374424843,0.1111111111111111,3725.0774079813837,-0.46154999576535216,-1.0543716927301,7.637644791903728,0.0
0,13.984983837086656,0.1111111111111111,2716.2706197240486,-1.1085657001456652,0.11886572910223148,7.205294448998043,0.0
0,15.790523533564647,0.1111111111111111,2231.7748806957943,-1.4646693302605014,1.3305540484450757,7.00404402071953,0.0
0,7.5948324723119836,0.1111111111111111,1864.4492505029464,-1.5279413108970896,1.8866764002557046,6.990780581712752,0.0
0,13.386516035724128,0.1111111111111111,1702.3612992118162,-2.0130866282677937,3.901927260428474,6.756997256676445,0.0
0,6.2730292925615245,0.1111111111111111,1508.0954466504536,-1.1830165468841942,1.6369420384696882,7.126933092191072,0.0
0,36.01077946263026,0.1111111111111111,2495.4023586451535,-1.268168560028639,0.9945067140822585,7.302096624444342,0.0
0,8.389308234895967,0.1111111111111111,3050.2004049811007,-1.2127014150508322,0.451377771665626,7.26747123339723,0.0
0,9.471490714823736,0.1111111111111111,2012.1807295656122,-1.4391634402715647,1.431542073422305,6.928885347994932,0.0
0,21.7276458840307,0.1111111111111111,1852.4044919176092,-1.5694090528085416,2.233015860783845,7.036498581625629,0.0
0,16.98557472342788,0.1111111111111111,1880.7369087274233,-1.5337565750691633,2.0268256343206064,7.038756734138527,0.0
0,29.37253014921302,0.1111111111111111,2142.269548675334,-1.8875782970996975,3.135775900490108,6.904506559037539,0.0
0,24.436094621358556,0.1111111111111111,2020.1291680117827,-2.037826541872676,3.7793811075459907,6.7944630651448765,0.0
0,9.126048638204633,0.1111111111111111,1942.5012290642276,-1.6742272532840994,2.7830000540969273,7.025066254807301,0.0
0,14.61014483582574,0.1111111111111111,2105.1182063916854,-1.474649395594615,1.985251329282776,7.1775602635075035,0.0
0,19.166237557871234,0.1111111111111111,1668.885783055264,-2.1427325109553554,4.999846962214193,6.7549139626406784,0.0
0,13.559422259825997,0.1111111111111111,1594.7960878469353,-1.9955949131898583,4.622378410965844,6.8443518418932525,0.0
0,10.387466997719779,0.1111111111111111,1611.049755720895,-0.7394126421297352,0.04530739470643974,7.1833083463380625,0.0
0,7.804618727179864,0.1111111111111111,2865.0829419550846,-1.4939208900576872,1.3348805352164606,7.127341473352281,0.0
0,9.38974410423791,0.1111111111111111,2214.283391000328,-1.5328359023786848,1.6191255640044684,6.889358572241097,0.0
0,22.878484361125103,0.1111111111111111,3226.836476922799,-1.4082371879880526,0.7152019855638749,7.011682622070617,0.0
0,33.98760214560167,0.1111111111111111,1926.7533205750608,-1.128113984796287,0.889618487932915,7.200343518933725,0.0
0,175.67814164232976,0.1111111111111111,3227.5869789702365,-1.23118121808258,0.6905569784792229,7.386456676664546,0.0
0,41.699090422497584,0.1111111111111111,2921.206991543219,-1.63474684631939,1.7050664979129246,7.040118801235659,0.0
0,17.002516464213127,0.1111111111111111,1529.4636044421984,-1.9774967274646114,4.5240026041476105,6.805616069499316,0.0
0,51.89987096829545,0.1111111111111111,3361.918106621174,-0.5993686221639799,-0.6392056973989346,7.646325569175395,0.0
0,11.471241474345268,0.1111111111111111,2177.886211529627,-1.9792371615654416,3.3337244602211094,6.8121199295603905,0.0
0,14.627949831860576,0.1111111111111111,2858.1278892815403,-1.3583001126998369,0.8724969070643813,7.16897386918938,0.0
0,11.319706686993637,0.1111111111111111,2391.931067972574,-1.8081501023981212,2.3985803402829333,6.838263233572739,0.0
0,27.797230336345272,0.1111111111111111,2121.8242063074904,-1.9975962099686813,3.492662177077773,6.804751054596847,0.0
0,5.759487562007908,0.1111111111111111,2105.2700820694727,-2.110532372210333,3.92329253319717,6.558751915368347,0.0
0,98.88994960114468,0.1111111111111111,2603.0015388077395,-1.6442537158908395,2.1512145378280643,7.135560023787772,0.0
0,23.695371939995933,0.1111111111111111,2467.346344082547,-1.5754257365133444,1.7174936614011784,7.09255382702343,0.0
0,22.674465776536678,0.1111111111111111,1764.663444432184,-1.7429068862207648,2.9840426080942137,6.956400956199456,0.0
0,15.64186961513652,0.1111111111111111,2086.8480575012995,-1.8734966138891458,3.0651076694526154,6.90085428365654,0.0
0,25.053765825413784,0.1111111111111111,1976.604642989065,-1.8537846102181703,3.2563461594631686,6.948752615564723,0.0
0,7.740992900519215,0.1111111111111111,2163.4676672955093,-1.5951456598769205,2.140429023078009,7.081644185468014,0.0
0,7.966021678918366,0.1111111111111111,2206.104610437957,-1.5511567939543474,1.6067619042766141,6.964184671275669,0.0
0,26.065429432625187,0.1111111111111111,1714.1757041953185,-2.193191126687661,4.690612298540934,6.663369951601444,0.0
0,9.673940246039093,0.1111111111111111,1448.0878972498797,-1.3787583011402422,1.6229112209844097,6.9216266989349755,0.0
0,89.91472609759198,0.1111111111111111,3420.676195626781,-0.7983584610948968,-0.5749420326765913,7.456519007433348,0.0
0,5.042034002242689,0.1111111111111111,1395.2906652318013,-2.37241399418694,5.901716246445295,6.43725124005539,0.0
0,19.736426569656444,0.1111111111111111,2891.591736706797,-1.3683088525816307,0.7217840938275861,7.090777044266447,0.0
0,10.967297362065167,0.1111111111111111,2611.0736528652988,-1.8454189954272442,2.2405357421771583,6.565672240602535,0.0
0,17.745516395249872,0.1111111111111111,2788.0594206270366,-1.5203419115647097,1.285961004774581,6.949278603984023,0.0
0,16.54191628432033,0.1111111111111111,2145.4316155764427,-1.567933325942424,1.8904831090431164,7.042414688951604,0.0
0,12.680512628026525,0.1111111111111111,2065.644413431635,-1.097487908434054,0.5263050902927233,7.24031146333122,0.0
0,19.957867127925503,0.1111111111111111,3061.8601659484957,-0.8679914555858659,-0.2926273813292779,7.458299687066481,0.0
0,38.01813167211448,0.1111111111111111,3111.6168120742695,-0.7569968519893605,-0.3848427547678406,7.533229115558434,0.0
0,10.510076832854299,0.1111111111111111,2552.401654879399,-1.1838819357264283,0.5784667270196491,7.2560958222435765,0.0
0,24.70442936503354,0.1111111111111111,2544.5667072224082,-1.5080008576308443,1.6066841434915906,7.127685331789754,0.0
0,23.456357923330323,0.1111111111111111,1857.0556839810895,-2.193330160691671,4.5378477908425685,6.701559510493544,0.0
0,8.324379252436115,0.1111111111111111,2407.7144371037057,-1.382962032803244,1.0291601807163264,6.971092449995953,0.0
0,21.744763635021894,0.1111111111111111,2014.1307234776689,-1.5037420410841231,1.8018959033192257,7.030749729810378,0.0
0,22.702349552160072,0.1111111111111111,2242.1591099777875,-1.2299953305792617,0.5920382157158861,7.002425399359505,0.0
0,7.74134730706151,0.1111111111111111,1520.153170768871,-1.3436215847334978,1.7334556798784533,6.9316670671277905,0.0
0,6.764003933792656,0.1111111111111111,1491.8413251962306,-1.3406549720364545,1.6608401989908108,6.9113894178748225,0.0
0,19.971168395417823,0.1111111111111111,1697.4296075468085,-2.13246242629139,4.695088958048137,6.545809620402554,0.0
0,23.000441298639466,0.1111111111111111,1147.0940116523943,-2.32382502672344,6.44867603780934,6.4693303116418726,0.0
0,117.49425955953659,0.1111111111111111,2444.7138389257025,-1.161634777997204,0.7400719554018296,7.354848488539266,0.0
0,4.851225639346364,0.1111111111111111,1078.2734877518064,-1.8887769636535268,4.0504211453532255,6.566191182485513,0.0
0,9.366121371410552,0.1111111111111111,1567.0761964764013,-1.5102095058304181,1.5573380740104108,6.714192848633216,0.0
0,7.621509973676448,0.1111111111111111,1913.692009812277,-1.7018044372919086,2.188408699933272,6.6247123601994256,0.0
0,2.3349525873400205,0.1111111111111111,1184.540329691098,-2.2196522705242656,4.78352449882298,6.29862094595008,0.0
0,5.934063605011573,0.1111111111111111,1353.0816659983286,-2.1610909865686945,4.938073529231376,6.4946725645672565,0.0
0,4.391181700156567,0.1111111111111111,2335.1470595526857,-0.9209568615628797,-0.24774595501366292,7.109868142851768,0.0
0,6.570843269739167,0.1111111111111111,2264.765113157626,-0.8466751930114546,-0.1538481164105896,7.297599569804634,0.0
0,7.359522714579256,0.1111111111111111,1559.2740961087377,-1.7544833645284545,2.3303180511109947,6.583765196640122,0.0
0,72.45810225279902,0.1111111111111111,1694.6696459697434,-1.7661168436782957,2.857959306652801,6.805834036471214,0.0
0,20.501669995691405,0.1111111111111111,992.506950778247,-2.8053046024711947,9.13929727767405,6.079394102971479,0.0
0,28.94253911424577,0.1111111111111111,1555.3510123981107,-1.6825549276416814,2.4471151034041982,6.768848814223672,0.0
0,10.540590787235791,0.1111111111111111,2007.3694206525236,-1.348523777565837,0.7413970887961834,6.8921606543040586,0.0
0,6.9837500443465945,0.1111111111111111,1889.6062997328238,-1.0557379732220427,0.0021319167844247033,6.931094271037383,0.0
0,3.275113639109459,0.1111111111111111,1265.3439241633487,-0.9069692285281655,0.16880253668539025,6.932043835293417,0.0
0,8.037055079128491,0.1111111111111111,1764.5722541132427,-0.773944182883547,-0.22664981567481401,7.107400440251852,0.0
0,13.120944857849512,0.1111111111111111,2176.5076734065688,-1.1623459900634483,0.3270078994606074,6.917671810151742,0.0
0,12.464979838869974,0.1111111111111111,2072.8610802741387,-1.7705011645830058,2.325012447324795,6.670716826999639,0.0
0,3.8269648507383196,0.1111111111111111,1205.5513262804432,-1.0148333073997051,0.4197807057292229,6.868620911344728,0.0
0,6.12729703963089,0.1111111111111111,1958.3848594361625,-0.8250590623599544,-0.1679669106253403,7.096100520580565,0.0
0,35.23519146886922,0.1111111111111111,1812.6564579344986,-1.0352283528506054,0.5153230432898805,7.068296414704333,0.0
0,30.362639162525234,0.1111111111111111,1311.9175158158582,-2.3271432115332003,5.911724793035448,6.4908611282183575,0.0
0,14.0256946132467,0.1111111111111111,2101.584744477267,-1.4125203282212957,1.080023387509362,6.7566680434579425,0.0
0,1.7857684290751046,0.1111111111111111,1585.7548600248233,-2.066692280442522,4.0971472346206,6.5234572492300025,0.0
0,2.851268570188582,0.1111111111111111,2853.1638994978684,-1.0597525647135915,0.07718586919583359,7.222848306989141,0.0
0,4.939004865312595,0.1111111111111111,2309.52051644926,-0.4400920610631902,-0.9247713256938699,7.340852642385443,0.0
0,16.525484827468645,0.1111111111111111,1412.2491115986606,-1.0908514930451039,1.0116397585989523,7.008330450938043,0.0
0,3.8906385207812058,0.1111111111111111,1448.4628166289083,-1.8194750292338069,2.9054162262910825,6.54278386819188,0.0
0,7.676179969677565,0.1111111111111111,1937.9762482639355,-1.4138125248844078,1.2260173833358596,6.824023488436281,0.0
0,11.695077661712723,0.1111111111111111,1718.3795415830598,-1.0883428539057702,0.3143852634032256,6.931315889417035,0.0
0,14.628718151571718,0.1111111111111111,1675.2716530787543,-1.1022499860655803,0.38748790327608695,6.936887019798793,0.0
0,2.088227597139109,0.1111111111111111,1731.5684054133637,-2.088608430952666,3.950602542975542,6.486857040589608,0.0
0,1.9285600405466077,0.1111111111111111,2096.462013156624,-1.0527650871598557,0.11278411470667793,6.902314893430445,0.0
0,22.19125651906659,0.1111111111111111,2594.413070979795,-1.1057767069854982,0.17139032364368179,6.966597865399787,0.0
0,16.30462989394712,0.1111111111111111,2103.6322403471268,-1.6962457166377292,2.271950344763969,6.8028715132545905,0.0
0,10.788813227783638,0.1111111111111111,1936.9603742649638,-1.762127595014077,2.7817735198065696,6.8056013528053025,0.0
0,4.996918459315209,0.1111111111111111,1920.962147881145,-1.4878069364802167,1.764290299635979,6.959886239034643,0.0
0,16.596249553788734,0.1111111111111111,2466.803467947404,-1.0147348816059478,0.2717500880335555,7.301082023972938,0.0
0,7.990659811669323,0.1111111111111111,1101.3906501205968,-2.6403170064787482,8.078538285529671,6.149691705230088,0.0
0,1.3713975957119153,0.1111111111111111,1755.851721899262,-1.3109041091368963,0.855901442529571,6.78190620460446,0.0
0,54.90783602092337,0.1111111111111111,1732.9385643511655,-1.9370749963509557,3.453879817793574,6.683939278638361,0.0
0,53.9604881069803,0.1111111111111111,1394.306795228025,-1.8478911398379816,3.246748056986287,6.669896855436857,0.0
0,5.664770627175178,0.1111111111111111,1691.5551050730198,-1.9475591161344195,3.8659694151163286,6.757471069015649,0.0
0,3.33408613090783,0.1111111111111111,1689.0661160341099,-0.6911342453502581,-0.3654939833706181,7.135349918737326,0.0
0,33.01356550946692,0.1111111111111111,1195.1539195301223,-2.655919842726137,8.086026393640864,6.298183220294407,0.0
0,8.717101655873005,0.1111111111111111,1548.9481098458014,-1.3582320942961132,1.4524733327738044,6.88142572306246,0.0
0,12.331742605381226,0.1111111111111111,843.5744531481881,-2.940276740015051,10.971645854560219,6.02036152561753,0.0
0,11.582618527974878,0.1111111111111111,1274.7202539867671,-2.1211286238932665,4.687893524518064,6.522378394668086,0.0
0,8.599225566693004,0.1111111111111111,1404.5425226645812,-1.882557911582383,3.171204061739749,6.542046818599648,0.0
0,24.48021111346859,0.1111111111111111,1547.5281840782252,-1.5692839328167645,1.6954423474424791,6.685683262027112,0.0
0,5.201701297364066,0.1111111111111111,1869.1188789932473,-1.4258727485297598,1.5786767575681973,6.938145323348726,0.0
0,4.692046433459913,0.1111111111111111,1917.5441660726228,-1.3304731706409283,1.241486544831786,7.007519086841878,0.0
0,22.696707058666867,0.1111111111111111,1743.3674296249267,-1.3510292919644369,1.3550033750259205,6.861774101888155,0.0
0,22.013577435166102,0.1111111111111111,1915.1417358437695,-0.7336801287567809,-0.3159460357753736,7.218038629506218,0.0
0,1.5577181331585714,0.1111111111111111,1471.2156182428091,-0.7318438481241857,-0.43129235736645777,6.971357010749221,0.0
0,22.55973458895772,0.1111111111111111,2973.3331342476163,-1.0573493026499254,0.0867879461332044,7.305097069354281,0.0
0,10.870922287343793,0.1111111111111111,3030.736805015586,-1.0781500796452752,-0.0584807052022156,7.152149521051246,0.0
0,33.86743236100578,0.1111111111111111,2988.0636483371272,-1.1229417000181408,0.28789301383227706,7.301882556047143,0.0
0,22.06301336899294,0.1111111111111111,2629.7935549273566,-1.384393649052342,0.8628200948128573,7.008165455218398,0.0
0,31.507992416412645,0.1111111111111111,2955.2224666657075,-1.349689734775827,0.7166178954379174,7.104633789509099,0.0
0,7.118407588276844,0.1111111111111111,2447.3325376595344,-1.2953829824885883,0.7089626535529279,7.035271744451417,0.0
0,26.45604017210075,0.1111111111111111,4195.154332697546,-0.6267667302611628,-0.9772544479344449,7.565430421769442,0.0
0,6.333483707515534,0.1111111111111111,2984.0936424093393,-1.1500752780457233,0.1364223942301943,7.231648438662168,0.0
0,5.2117390587880585,0.1111111111111111,1259.3716702665374,-1.198965108841755,1.8358616932416982,6.950510846671142,0.0
0,19.363899858201297,0.1111111111111111,4066.166517846867,-0.659566220749561,-1.0421643252400825,7.420605327971795,0.0
0,29.871190986381162,0.1111111111111111,1232.4892065147849,-2.0094028953956817,3.9107341846024317,6.481750075437115,0.0
0,24.210045732821847,0.1111111111111111,4031.8216518811496,-0.8731736897200698,-0.5945822535528347,7.388796438164365,0.0
0,5.803620707021691,0.1111111111111111,2777.267380786113,-1.4039630580526867,0.9590529598093078,7.08533920875924,0.0
0,16.463575521711398,0.1111111111111111,3557.0081326088734,-1.269337411462592,0.2636746881336878,7.029972635286429,0.0
0,15.271369256357186,0.1111111111111111,2900.5899726018265,-1.40709862352307,0.7383286961675917,6.886279168362293,0.0
0,8.657380533638468,0.1111111111111111,2600.858691982277,-1.6480892308789388,1.8778411063549152,6.927444685943594,0.0
0,14.256345214361861,0.1111111111111111,3329.7172770121597,-1.0564862226710863,-0.12289114967640868,7.263787615413011,0.0
0,19.4586915054617,0.1111111111111111,2821.249650564404,-1.5010832373726501,1.2343914165206424,7.047134233796953,0.0
0,14.578438864856825,0.1111111111111111,2597.6570958273287,-0.911305089198397,0.23226753884215112,7.480684847358736,0.0
0,25.085766206530366,0.1111111111111111,4123.175927985074,-0.41652688545549627,-1.10094250529858,7.65803014212767,0.0
0,12.64483218918311,0.1111111111111111,2871.7293151620743,-1.049974463554605,0.032279683850938934,7.267949732007036,0.0
0,6.046495098107083,0.1111111111111111,1623.4260819170809,-1.8575091693768224,3.186718479027985,6.702910850290171,0.0
0,47.42382691450693,0.1111111111111111,3575.9204233511555,-0.5672645385380315,-0.7596434871267532,7.658364128052835,0.0
0,22.499218798278132,0.1111111111111111,4641.743036862169,-0.32335349022858556,-1.3225121208821649,7.644110515021494,0.0
0,12.663596385231168,0.1111111111111111,3841.1348821469223,-0.8651003983126118,-0.7294170934937036,7.266656169664313,0.0
0,16.91062912504884,0.1111111111111111,3849.0787239822803,-0.7531769207562018,-0.8184838522017039,7.405820496142448,0.0
0,7.87871822204221,0.1111111111111111,2648.648398553833,-1.0281381787084984,0.1446921605286473,7.343321484837091,0.0
0,36.702800710157724,0.1111111111111111,3849.4315890354706,-0.5515807168124355,-0.9350571138311539,7.634091010299954,0.0
0,42.9280358994104,0.1111111111111111,3834.1700477087843,-0.8124557506416906,-0.672023270548955,7.454552413974274,0.0
0,6.316063082491874,0.1111111111111111,2990.3512339711515,-0.7474841578311916,-0.47409381393506456,7.522017427604164,0.0
0,37.73487926595713,0.1111111111111111,2621.2164678133176,-1.0832883376934195,0.44665321660503343,7.342966369147648,0.0
0,35.80707259339822,0.1111111111111111,3140.6124606950557,-1.0216251766805504,-0.07390753523716631,7.346094791048676,0.0
0,49.17020122053372,0.1111111111111111,2591.4332917782262,-1.2293317107946231,0.6045369047819702,7.201973849826228,0.0
0,18.327964007180334,0.1111111111111111,3662.976075616514,-0.8849608170237188,-0.670578942447627,7.255681038661509,0.0
0,80.87534226810587,0.1111111111111111,2594.938364746225,-0.6357778381602257,-0.41552513790691137,7.532092849749008,0.0
0,27.463815841237988,0.1111111111111111,1891.2287492410612,-1.3618454856128386,1.2139117826509773,6.978427012617569,0.0
0,6.24670642026297,0.1111111111111111,2128.7404776064227,-1.1877120468205964,0.7031672563256537,7.111661529397216,0.0
0,14.400797916559892,0.1111111111111111,2242.255941427381,-1.2290992156729785,0.7366659028852682,7.133600402423964,0.0
0,132.6335958999432,0.1111111111111111,2805.730166954722,-1.2518145210034222,0.7627097766203832,7.298088878286981,0.0
0,4.020243759343441,0.1111111111111111,1770.0359381180413,-1.4969640673450981,1.61533868475491,6.733968383880966,0.0
0,25.4514704036282,0.1111111111111111,1978.5962477444107,-1.1908864479241803,0.4931220953188191,6.92536669869439,0.0
0,41.238467668391024,0.1111111111111111,1954.7777899914258,-1.0635328738577363,0.5741335260282234,7.057659316788715,0.0
0,6.0289996489088855,0.1111111111111111,2070.9168768925697,-1.3415901398077301,1.1331671966047274,6.9283875478175485,0.0
0,28.333626282548675,0.1111111111111111,2333.885722596652,-1.1108613407745256,0.20424322610864243,7.028784288557331,0.0
0,14.562833023272228,0.1111111111111111,2154.766171378088,-0.9830362384491399,-0.15243295180954508,6.9994677621566925,0.0
0,30.933463420002862,0.1111111111111111,1721.445786179891,-1.2549214603175172,0.8940515780324008,7.0239700605866995,0.0
0,35.50724526680734,0.1111111111111111,1350.6942892787213,-1.7569192220227805,3.041203545385514,6.719581837834744,0.0
0,9.415422760725319,0.1111111111111111,1478.378361421085,-1.4885100723393299,1.561996275872346,6.782636178350977,0.0
0,1.0604920429709581,0.1111111111111111,1257.603671483644,-1.2588924012866434,0.7198080181814488,6.6557284020043195,0.0
0,2.1618603036169484,0.1111111111111111,1195.3801215886156,-1.707286682033052,2.668787551098771,6.547599519885392,0.0
0,17.618991818659257,0.1111111111111111,1442.2442846417027,-1.3778998500144923,1.1236227116827404,6.786873636314022,0.0
0,27.06318010474134,0.1111111111111111,1667.9398686055135,-1.554914217800189,1.7079634901755236,6.738429561005193,0.0
0,9.978695182050778,0.1111111111111111,911.157218954441,-1.9277619115213358,4.43737173372161,6.542589957744786,0.0
0,2.8179640378991726,0.1111111111111111,682.5937914983502,-2.128980869910468,6.232564254360277,6.322488471922375,0.0
0,29.884991453485735,0.1111111111111111,1544.81349659804,-1.9451825667629794,3.6872702951199567,6.705509549855652,0.0
0,10.225289585794066,0.1111111111111111,1198.2636645906443,-1.6703349525363125,2.7663406106275312,6.717226789738811,0.0
0,23.560301290138526,0.1111111111111111,1671.2907976210759,-1.3509724163156558,1.0091991069221056,6.8622448050108,0.0
0,15.769588695489432,0.1111111111111111,1578.9824513749247,-1.3696443837520187,1.2871666936159407,6.910928347617618,0.0
0,3.313539643606783,0.1111111111111111,1495.494675887973,-1.7775026704792718,2.8831768767469628,6.67658258090769,0.0
0,116.11366424106261,0.1111111111111111,2793.255155131566,-1.4643880197042618,1.2420911664020577,7.131280198828,0.0
0,2.0179114410298995,0.1111111111111111,3735.7103586388025,-0.7162557805783318,-0.5299133376611742,7.020556515522821,1.0
0,1.495890417416241,0.1111111111111111,4616.578243490734,-0.7512150438284123,-0.6680495956596766,6.830705447413568,1.0
0,2.473026916079829,0.1111111111111111,4395.28098893173,-0.4911307893856993,-1.0504091457486284,7.196424074884874,1.0
0,2.8479309581109513,0.1111111111111111,3940.7410488033274,-0.7873084582543057,-0.5720804757480655,6.952329966393814,1.0
0,4.0531492504951805,0.1111111111111111,4510.910297110201,-0.6966186862399429,-0.8459449431357822,6.169010249690048,1.0
0,1.7069834573792957,0.1111111111111111,2529.30722413884,-1.5745403352642924,2.8230746838237506,7.021598386368986,1.0
0,2.5023396563053137,0.1111111111111111,4383.177334009381,-0.921583375323689,-0.3076454549716683,6.791325727156183,1.0
0,2.38752674665987,0.1111111111111111,4402.384597769712,-0.9263159602716214,-0.301981936933311,6.790211030382186,1.0
0,1.5922914209773762,0.1111111111111111,5037.284858636511,-0.35661787028009356,-0.9895898640893628,6.952092845223513,1.0
0,1.8502309864006858,0.1111111111111111,5148.175023086555,-0.3608214559386197,-0.9893041142085193,7.044155831301913,1.0
0,3.6265918796662526,0.1111111111111111,5350.938782587168,-0.2960425545325875,-1.042436465680809,7.1973027449855005,1.0
0,3.6123306485600075,0.1111111111111111,5349.450713448104,-0.29728559239464886,-1.0417727788972346,7.197457467810644,1.0
0,2.5465138854626836,0.1111111111111111,5281.811283426665,-0.04202086094831502,-1.2437787289006998,7.649109087732634,1.0
0,2.3574496372642377,0.1111111111111111,5791.309770911595,-0.5044289782074025,-0.9834660945097058,7.204527743523782,1.0
0,2.228264856171891,0.1111111111111111,5586.4714202872865,-0.3316810971040898,-1.1350560706582717,7.546647244682901,1.0
0,1.0144943102882809,0.1111111111111111,5090.095410805395,-0.4335393315505571,-1.079847144905226,6.607095204042125,1.0
0,6.6949406216733065,0.1111111111111111,5381.788146224622,0.12615035620696635,-1.6954036892006932,7.245352711405053,1.0
0,5.353811469994197,0.1111111111111111,5363.5295898535005,0.32524317251638973,-1.6155111306459902,7.23779628309748,1.0
0,13.014686876963475,0.1111111111111111,5065.042502484888,0.29057969078534956,-1.631419249773317,7.237407088521607,1.0
0,2.3193264515635468,0.1111111111111111,5150.490162813097,0.6635834539573577,-1.2889252408112442,7.041557434286365,1.0
0,11.759797454715148,0.1111111111111111,4017.007532291834,1.4896763982944994,0.6933160905404856,6.836049945228712,1.0
0,4.17467597127198,0.1111111111111111,5222.729641828209,1.0172463637326508,-0.650794730688621,7.075635722241924,1.0
0,15.801189826868665,0.1111111111111111,2952.2899182018873,2.1699777661005513,3.9094913328182654,6.82264478586448,1.0
0,4.693975030424166,0.1111111111111111,3502.480851301279,1.738775158536536,1.998939537424607,7.091775870562681,1.0
0,4.416415206416858,0.1111111111111111,5024.30598482736,-0.3111202243787415,-1.530267068543466,7.437344023181783,1.0
0,7.016533776512555,0.1111111111111111,4939.662911696523,0.6582143992082252,-1.2232938283738575,7.258009393881927,1.0
0,2.3587257755969993,0.1111111111111111,4292.547477610524,1.1540230660257564,-0.2726649918831381,6.96368256083784,1.0
0,7.011770425505839,0.1111111111111111,4938.22196426508,0.6608783552059666,-1.2195150979092637,7.256902129880066,1.0
0,6.736416621352705,0.1111111111111111,3564.0394978779536,1.424497671604193,0.9634889818016164,7.30377302289454,1.0
0,13.741455632031059,0.1111111111111111,4316.921592862346,1.034805534848457,-0.2934099299476425,7.447869731669771,1.0
0,17.219667589184702,0.1111111111111111,4344.295325834421,1.017675134658337,-0.3169492963572291,7.471269079612549,1.0
0,1.2680425770236565,0.1111111111111111,4917.343206210199,0.43301140771963426,-1.549888140042094,6.977454082725753,1.0
0,0.7280064447646717,0.1111111111111111,4999.540392508904,0.232960626149769,-1.663384634378685,7.103108748193245,1.0
0,2.6513076199765098,0.1111111111111111,5816.897670013446,0.39246691103909126,-1.5901399041797744,7.195373186846608,1.0
0,2.7563676343457866,0.1111111111111111,5807.815192743593,0.40177800969931865,-1.5811237457027127,7.193757655607909,1.0
0,1.1675157382538865,0.1111111111111111,4925.1630680945955,0.7486158010173029,-1.1459757379220143,6.941311546445993,1.0
0,1.957819246660847,0.1111111111111111,4306.83050063677,0.813022666665252,-1.081340351034439,6.556175886054152,1.0
0,1.6952278638145781,0.1111111111111111,4094.254231120124,0.8734295890037542,-0.9220061182711836,6.772851153969951,1.0
0,1.9231824687783963,0.1111111111111111,4745.565043424811,0.3584841514536454,-1.5865723404666796,7.04629394692186,1.0
0,1.8361413674911837,0.1111111111111111,5078.316628679321,0.09903730180913979,-1.7313876095080478,7.1295750894978696,1.0
0,1.6486968890387732,0.1111111111111111,5263.024398028743,0.645554455611401,-1.2754681421094092,7.2502699055465945,1.0
0,5.09333079133847,0.1111111111111111,5565.037026730321,0.5387282268998298,-1.4507068113265327,7.13689623555365,1.0
0,2.4687952359575465,0.1111111111111111,5485.875493242247,0.4785621344309053,-1.51354162646495,7.071464830476549,1.0
0,1.3128881587770418,0.1111111111111111,4551.4374270159415,1.0978294810457323,-0.45462227846634384,6.7961533470088895,1.0
0,2.5503609716437867,0.1111111111111111,4420.986850141248,1.162071799632434,-0.2991486561001757,6.758643902214335,1.0
0,2.2985560723768232,0.1111111111111111,4559.888410887546,0.9907042388260836,-0.684894980448993,6.939248539548894,1.0
0,5.435451254974717,0.1111111111111111,3516.866021662255,1.7818657177436514,1.6688703485990422,6.538476203190694,1.0
0,7.492284035712923,0.1111111111111111,5020.891484573796,0.028138999711920867,-1.657290309773498,7.251426786900145,1.0
0,5.8474697212015005,0.1111111111111111,5308.159719750987,-0.04168811916170265,-1.7011859477851135,7.238619936125787,1.0
0,2.627004553622953,0.1111111111111111,3413.549984244221,0.5005067352979847,0.1363951242580117,7.230140344856425,1.0
0,4.215985450201758,0.1111111111111111,2930.0860927931353,0.49404431312720065,0.1515102483617352,7.4810092448509415,1.0
0,3.134916771244499,0.1111111111111111,3918.294057389235,0.2825496947087952,-0.6371046530248505,7.647853315323752,1.0
0,6.753970104808721,0.1111111111111111,6115.2270420831,0.6156344965625229,-0.771713540809496,7.2175782171372305,1.0
0,4.313899029276703,0.1111111111111111,4067.348113815944,0.7085062488575129,-0.028805616765211983,7.5557852833743,1.0
0,5.419368556414094,0.1111111111111111,4678.006524491477,0.769671506823019,-0.3365949773035646,7.558287273631729,1.0
0,5.580407569680759,0.1111111111111111,4265.236422663306,0.7552241475682722,-0.1842186225658362,7.558495348662911,1.0
0,2.8336806575325064,0.1111111111111111,4086.6385545618646,0.060203315489580946,-0.6926784933788346,7.651895241972095,1.0
0,6.375694200702591,0.1111111111111111,4122.817413744277,0.08130625827156746,-0.703406088183725,7.657647762852381,1.0
0,6.179044596939249,0.1111111111111111,4192.732193580233,0.22409347308025596,-0.6987585716149027,7.688871534512478,1.0
0,9.068791405676288,0.1111111111111111,3145.77388119728,1.3192074865880505,1.3230049357594584,7.315760068037501,1.0
0,6.432752862742828,0.1111111111111111,4063.891883601029,0.04850163933349293,-0.6857713567260615,7.647701677092774,1.0
0,2.7100263835127274,0.1111111111111111,7223.980886620636,0.6607049795000985,-1.1115395708217723,6.8702781115267175,1.0
0,2.2136927950442513,0.1111111111111111,4906.558311689533,0.6882519156590843,-0.5454149220135984,7.617492924779428,1.0
0,3.119507212931234,0.1111111111111111,2544.1800879439984,0.1050245837326332,-0.3005071211825818,7.480527946700384,1.0
0,2.626079225933323,0.1111111111111111,4544.809404008069,0.009899564983996977,-0.9626384853777181,7.689045150420733,1.0
0,6.1303914932889905,0.1111111111111111,4583.451770975713,0.5834903351905493,-0.6123467453821765,7.630011542916391,1.0
0,3.668235423734046,0.1111111111111111,4517.004518569207,0.28791915557023856,-0.7722410883135868,7.8060156169338075,1.0
0,4.737708658256415,0.1111111111111111,4001.802551340495,0.2768223201926777,-0.6222844323399617,7.752427480946734,1.0
0,7.010254108893092,0.1111111111111111,3446.90643152203,0.16091226482256799,-0.539891768610266,7.628877950208033,1.0
0,3.9890626619575817,0.1111111111111111,3135.5905801800586,0.12985003866539094,0.17137182538042905,7.236358466985218,1.0
0,2.350108574142978,0.1111111111111111,2017.537115554675,0.737883673849092,1.7252409159501614,7.303154829181528,1.0
0,5.489081173072094,0.1111111111111111,3047.8332111565637,0.69751031229008,0.5685877594369146,7.481760004768581,1.0
0,4.106055803184107,0.1111111111111111,3686.2602281245213,0.08199313213242367,-0.6337309429580533,7.699094040582049,1.0
0,4.539403288170432,0.1111111111111111,6259.314662331353,0.5800088932366592,-0.9519517143739953,7.682392199760038,1.0
0,3.8283187656298105,0.1111111111111111,2076.365474889791,0.31815265826312134,-0.2423732531028957,7.458482105653763,1.0
0,4.266111266810684,0.1111111111111111,4024.581127645147,0.8864611340395393,0.048943318006742675,7.633654320216516,1.0
0,1.3911814161232705,0.1111111111111111,5607.419506744651,0.3296574659789005,-1.1518702467365678,7.79631884383989,1.0
0,1.25283746477962,0.1111111111111111,5618.379562296119,1.210280708429093,0.1908409823699846,7.267283083954222,1.0
0,1.6793220496571433,0.1111111111111111,2458.549357319346,0.2715519353308047,0.22329891415611858,7.399114426743418,1.0
0,2.6523316059277415,0.1111111111111111,2992.347402932317,0.4496530567418566,0.05697994920697225,7.4994787327979395,1.0
0,2.3493261867575903,0.1111111111111111,2939.1596988938754,0.632803839488832,-0.19097549804580316,7.450205990116972,1.0
0,4.6973207991843795,0.1111111111111111,4175.228617902973,0.9125497677401229,-0.07874706421433952,7.6201298397063315,1.0
0,1.9446194627005078,0.1111111111111111,2247.288308004423,1.5597020465802993,2.508622439083635,7.128641677191194,1.0
0,4.3901352713481865,0.11111111111111109,2615.826926861455,1.3860803936967239,1.7670268799301958,7.293786504941335,1.0
0,3.183430873495456,0.1111111111111111,4471.986886992744,1.038441265294074,0.0329262592975641,7.527793293720849,1.0
0,2.4719598991579605,0.1111111111111111,4288.175250376267,0.8232238384683979,-0.2826370083277645,7.63920862530921,1.0
0,2.610543532939791,0.1111111111111111,4291.067797453165,0.8262915468789481,-0.2761726345938622,7.643149486096896,1.0
0,1.8173583198379155,0.1111111111111111,3738.4684649309784,0.8758663348986878,-0.3563512848272392,7.005595943108492,1.0
0,1.6539668286317188,0.1111111111111111,4467.426896114726,0.5792038030581268,-0.6925774388784496,7.71150107113594,1.0
0,3.8892323864900513,0.1111111111111111,3750.395190513251,1.155944899822874,0.5249382456830429,7.432657537002237,1.0
0,2.2556242350801683,0.1111111111111111,3445.3967583071108,0.3741125069478041,-0.7596326924804333,7.2983928371883735,1.0
0,3.7655433519740606,0.1111111111111111,3672.448175863955,1.189037861346054,0.6305171626656652,7.413056432629506,1.0
0,1.4979617234683316,0.1111111111111111,2700.561741607177,0.5524079520681926,0.39755236705433106,7.549539699577345,1.0
0,2.426977898955063,0.1111111111111111,3100.9899837249354,1.205817636446157,1.385277673377554,7.454731815016068,1.0
0,5.323703747585975,0.1111111111111111,2441.559940850145,1.283746095185357,1.7398794826585382,7.356873687846482,1.0
0,2.844819646598481,0.1111111111111111,3795.475377023994,0.8199414582889981,0.10216935063416344,7.6642764830131975,1.0
0,3.5674157987433617,0.1111111111111111,3881.6601503005486,1.095420980293254,0.5422625874282687,7.5330781317572555,1.0
0,2.584241700703733,0.1111111111111111,3012.8638173801205,0.7100774838709297,0.30660181666043274,7.564809299123105,1.0
0,2.5646376926769645,0.1111111111111111,4993.264926528503,0.7492625401646107,-0.5790487675118006,7.664369686788507,1.0
0,2.850936535795638,0.1111111111111111,4992.06296592895,0.7467509575181448,-0.5818102876527131,7.66554396405989,1.0
0,2.8742407915332313,0.1111111111111111,5015.863698538845,-0.11746315381187775,-1.071645358330438,7.612490410470739,1.0
0,3.1348914850328464,0.1111111111111111,5600.652905156348,0.1764564026669396,-1.1682394179719267,7.786658115678885,1.0
0,1.9962442055921106,0.1111111111111111,3752.370713940294,0.5019513496292848,-0.3563230328807152,7.6854287148401195,1.0
0,2.454862054729662,0.1111111111111111,5107.442986396087,0.45510951816155276,-0.8848958478620146,7.765612359569151,1.0
0,3.066256365709916,0.1111111111111111,3401.5944929359102,0.511958741028436,-0.15422815812439206,7.633351762181405,1.0
0,3.54593684243119,0.1111111111111111,3804.351697691886,0.8261893546045996,-0.011002974844028568,7.640802212231833,1.0
0,2.852024658925159,0.1111111111111111,3389.2146210258265,0.8888819553758962,0.31982513824725434,7.585415258250626,1.0
0,1.7717124513387492,0.1111111111111111,1660.0211547769645,1.7107735864146862,3.198672830022855,6.778500836104382,1.0
0,3.7716191311607936,0.1111111111111111,4097.194762091321,-0.24432868628682736,-1.129628910054379,7.723435373462792,1.0
0,6.061291260070461,0.1111111111111111,3493.9311034374864,0.8899775789815718,0.22406382555686255,7.583059517948799,1.0
0,6.571203402268173,0.1111111111111111,2756.641368709204,0.6965701191372232,0.5471416745839912,7.533269982946159,1.0
0,4.399050532941009,0.1111111111111111,2948.488943034871,1.3534433403039843,1.4497730680951761,7.257342747679848,1.0
0,1.6502446365203034,0.1111111111111111,2379.1052849539847,1.326078676591946,2.088737485589199,7.18241984214653,1.0
0,2.7580814253051185,0.1111111111111111,3428.129960551488,-0.010141447931061727,-0.7061112391909594,7.71930533324382,1.0
0,2.2389564932031663,0.1111111111111111,2658.0054363611875,0.7791909221071991,0.3389629891785031,7.453691798288108,1.0
0,1.9607619718672726,0.1111111111111111,2417.9010911583014,-1.0224219904986451,0.4337196326943311,7.032686126455716,1.0
0,1.9071761235546076,0.1111111111111111,4163.3441857937805,-0.1647153639842837,-1.2899670765969307,7.501279460869203,1.0
0,6.536228852400138,0.1111111111111111,3744.7721674493823,0.410848056193065,-1.3336552377488526,7.3330434262760615,1.0
0,3.1020215893921703,0.1111111111111111,3276.3386693244233,-0.5778087594080352,-0.6844694326643026,7.6451258807388776,1.0
0,6.732850077894993,0.1111111111111111,3770.5631037663034,0.3723205498925101,-1.3625955083147165,7.356115118635378,1.0
0,36.961497695225134,0.1111111111111111,1598.27742920109,-1.0624885719293156,0.8827219860447197,7.142875515720754,1.0
0,33.41449190906589,0.1111111111111111,1525.5718458551028,-1.173073372841205,1.1776615776183847,7.074890358403984,1.0
0,11.240482666096629,0.1111111111111111,1767.2063685962223,-1.20151229384812,1.1008208174212628,7.167693946181279,1.0
0,22.748205462826284,0.1111111111111111,1482.468917287237,-1.2467340554468231,1.3855386598800354,7.024730005775085,1.0
0,7.477124183957157,0.1111111111111111,581.7988816226017,-1.8151905606952317,6.951710102971269,6.361722058582961,1.0
0,3.6996211918362314,0.1111111111111111,403.125513769058,-1.7908309725221936,7.6351351740002364,6.156461866485405,1.0
0,3.892706597726844,0.1111111111111111,1669.9139070631663,-0.6093039263575224,-0.45561879164120933,7.234815103957435,1.0
0,15.418099180162283,0.1111111111111111,1786.0471571693852,-0.958756675389419,0.4572349575949941,7.230419938718108,1.0
0,19.095618425383257,0.1111111111111111,1801.6689687410133,-0.960104706509788,0.45859288935101494,7.235689575931849,1.0
0,14.818468333457954,0.1111111111111111,1612.272708346805,-1.2787626733364974,1.0979043065873855,6.953421866149444,1.0
0,2.133286684703539,0.1111111111111111,1481.3460962322495,-0.5382869491827608,0.23121365284609485,7.233128354110692,1.0
0,1.8331916602509373,0.1111111111111111,1490.3043166441669,-0.8877279171741487,0.6906381799460544,7.164091706990849,1.0
0,3.1559714949674467,0.1111111111111111,1329.009713521983,-1.0358337282315124,0.6065336271017054,6.938611274863629,1.0
0,2.9827056470598157,0.1111111111111111,1327.3305521301052,-1.0342663518671922,0.5999221634491443,6.936717349184918,1.0
0,1.9737975225173703,0.1111111111111111,1394.6456671344688,-0.6937606765756482,-0.0705734047120643,7.066954596553531,1.0
0,24.005285008677635,0.1111111111111111,1955.4827127565836,-1.0855344743427942,0.8210201379904443,7.240305994299474,1.0
0,9.606290580820879,0.1111111111111111,1532.3286418889306,-1.4396091072753394,1.6068312474730932,6.876396303081883,1.0
0,19.469577228776544,0.1111111111111111,1538.5297758863253,-1.4699037495061358,1.6275864999775171,6.835998453460538,1.0
0,20.500296749442455,0.1111111111111111,1582.979901595961,-1.1679782346919099,1.0888035934197298,7.098974793313472,1.0
0,9.093181220619368,0.1111111111111111,1274.390610335516,-1.4225197425993015,1.9372489605709289,6.868375820598905,1.0
0,9.335529518673116,0.1111111111111111,1274.4154714259766,-1.4225554785383299,1.9374748734492826,6.868398164092727,1.0
0,28.202206476470167,0.1111111111111111,1820.1466113302424,-1.0629943266686828,0.7477976616146589,7.121425163554477,1.0
0,2.9682081787965036,0.1111111111111111,1176.4191464777107,-1.649221968320631,2.771512411527504,6.663593857745025,1.0
0,1.1745993426249888,0.1111111111111111,771.3061364905085,-2.111692271548992,5.9173685511495755,6.385968883790233,1.0
0,1.3752204696816033,0.1111111111111111,855.1607141610463,-1.9986473242813112,5.060846925157534,6.461373438118307,1.0
0,5.96856853319683,0.1111111111111111,734.7703980755264,-1.0442692749649274,1.6549394914166706,6.664638421685639,1.0
0,27.413703060404135,0.1111111111111111,1137.9070238229804,-0.8226992683024594,0.22340660702543724,6.948661249276062,1.0
0,9.645650283543677,0.1111111111111111,1088.6878874513827,-0.933701161701684,0.5901707001470688,6.913507623723195,1.0
0,17.63810796744331,0.1111111111111111,924.3243064950648,-1.0800909368008393,1.335694182009191,6.800285080215517,1.0
0,9.097070643276398,0.1111111111111111,1364.0437364267545,-0.7579204598532238,-0.178688289597686,7.066670745651992,1.0
0,7.207177316681803,0.1111111111111111,995.6833459925494,-0.9828848440056868,0.6573345214872308,6.801057257952809,1.0
0,14.7046156333386,0.1111111111111111,1047.616192170299,-0.9263782071240603,0.5135835606812296,6.867006537599195,1.0
0,12.93806575576808,0.1111111111111111,1043.9558094388728,-1.1687136203927466,0.9572428315658268,6.794511064270097,1.0
0,8.611489006138168,0.1111111111111111,1225.7361500338359,-1.0132869914253801,-0.1476010864024948,6.6909686108740125,1.0
0,12.209918530297188,0.1111111111111111,1078.7532000998133,-0.988337569825495,0.12523675108394006,6.777057692631602,1.0
0,11.605507236044353,0.1111111111111111,1507.7480464341402,-0.8186348371133578,-0.8706763331752652,6.573017128546185,1.0
0,18.021855924190202,0.1111111111111111,1089.9889928751122,-1.3650683970962398,1.6769036335409169,6.777586190708236,1.0
0,17.59470849105815,0.1111111111111111,1065.0405276839315,-1.1018732136841995,0.9366398116060526,6.845244174627765,1.0
0,8.116570076521114,0.1111111111111111,1383.702498797372,-0.41139668667433826,-0.5358519720518342,7.192871394920992,1.0
0,11.951922406251203,0.1111111111111111,1325.6480164325317,-0.8850679043656442,0.25656288457043885,7.045455768742847,1.0
0,16.00349860408666,0.1111111111111111,1297.4149809285564,-1.2328857444972783,0.8542485834409339,6.766931687096953,1.0
0,6.6173624210044935,0.1111111111111111,1451.4570983323263,-0.5423021233253053,-0.36929534531222385,7.199390153656174,1.0
0,6.7155252159213745,0.1111111111111111,1208.9038947771612,-1.3576806125655636,1.2086355077478768,6.632225054285059,1.0
0,13.396595427496521,0.1111111111111111,1325.5826427465402,-0.9182638494756735,0.243571049629844,7.014991401085416,1.0
0,9.329378749817751,0.1111111111111111,1170.7658368688872,-0.7771030057860823,-0.049293267997930545,6.976158816844664,1.0
0,7.28304619315561,0.1111111111111111,1196.4190406078274,-0.4110109430399699,-0.5251729296264198,7.089613078316903,1.0
0,1.3804114952905948,0.1111111111111111,623.5217734783209,-1.5727942708419371,2.6197899041714816,6.3228227273454225,1.0
0,2.840205777481666,0.1111111111111111,762.3274950746546,-1.316907480354362,1.9234830383696684,6.585650220883284,1.0
0,4.728927989784396,0.1111111111111111,762.7714552164549,-1.3176660536022633,1.9240266045702938,6.585573739289281,1.0
0,10.929613366341927,0.1111111111111111,4159.642236556119,-0.43134791372644493,-1.2365279026651677,7.497473909908976,1.0
0,17.89798513319108,0.1111111111111111,4160.9837710330885,-0.25983543457121316,-1.3762070859490474,7.525777307912869,1.0
0,9.576301395090406,0.1111111111111111,2236.050954692497,-1.0366814081441107,0.4526054304647533,7.280664175554891,1.0
0,14.66855777333773,0.1111111111111111,3232.875180460367,-0.7866201387770517,-0.5744083622495357,7.383870509069322,1.0
0,14.647745686083516,0.1111111111111111,2858.710791069888,-1.0311725572791357,0.026283838678612614,7.271130447016408,1.0
0,14.301920530281967,0.1111111111111111,4348.450603276291,-0.02279642324787357,-1.4553087254606045,7.598626759629244,1.0
0,10.550100252548788,0.1111111111111111,1684.6215420532826,-0.9375979175983128,0.657758396537679,7.167743947615923,1.0
0,5.499890153656107,0.1111111111111111,1730.7030129618092,-0.443317773768433,-0.272674621879605,7.284184239368712,1.0
0,4.129089060775412,0.1111111111111111,1701.2695184961512,-1.0171311108180412,0.24519805574516873,7.111533760356036,1.0
0,2.7389759286606257,0.1111111111111111,1843.3570663884518,-0.9017307881426793,0.11037600988683405,7.225563380602338,1.0
0,3.2465562372449335,0.1111111111111111,776.1955847112328,-1.7126780113801428,4.019352179242507,6.539696676638227,1.0
0,3.2888276386673483,0.1111111111111111,867.1444350406545,-1.6154933939654312,3.2962962231641093,6.608334025819875,1.0
0,4.978086300901577,0.1111111111111111,718.1324683804814,-1.74326568359896,4.250134626041614,6.451637157260916,1.0
0,3.4013483244318103,0.1111111111111111,774.294846359304,-1.708498615512836,3.9845731826220474,6.5375111103652905,1.0
0,3.683817373752947,0.1111111111111111,973.5133399699207,-1.6696936891788559,2.1998767562786634,6.368425666456613,1.0
0,1.4786433266266903,0.1111111111111111,1481.8165283027627,-0.5996311248727808,-0.010694162261185358,7.018648477504711,1.0
0,2.0154819284746983,0.1111111111111111,1769.483164256291,-0.6883480255344369,-0.255628337425426,7.242325465495988,1.0
0,3.3941284184970484,0.1111111111111111,1324.243995452238,-1.3299052956236106,1.4283993813051001,6.877534951214938,1.0
0,6.4844139973987875,0.1111111111111111,1645.6505515973358,-0.23935124092880156,-0.9454053843809893,7.2581860660086726,1.0
0,2.6346142107725,0.1111111111111111,1611.6876674980733,-0.050302643702118115,-0.5771687482344325,7.304404079580017,1.0
0,1.995909673394377,0.1111111111111111,1261.755490908083,-0.8621965863845932,0.46577856903202886,7.03392775618537,1.0
0,1.6267482872717085,0.1111111111111111,668.8282375287591,-1.6962787159184993,3.179450214829842,6.218284108812589,1.0
0,1.7286490232433924,0.1111111111111111,670.7390673736112,-1.6982623135185129,3.1981606601117294,6.2224107082691145,1.0
0,1.3699010041050639,0.1111111111111111,831.1245631174158,-1.2497692744010802,1.486128149035177,6.485781961802751,1.0
0,4.517343405458872,0.1111111111111111,2562.6624326208917,-0.924810472305758,1.0781684587023328,7.2748721607655265,1.0
0,2.924071906693431,0.1111111111111111,3341.0339072371676,-0.8143524905568313,-0.16884345764108222,7.3272852397259225,1.0
0,1.7656673065146387,0.1111111111111111,3057.7454538734128,-1.1921496754367873,0.7641926198393114,7.234620073327039,1.0
0,1.8763858313081205,0.1111111111111111,1630.6357901664944,-0.8329142033587891,1.1119394184307279,7.182909734698729,1.0
0,3.6559794364281872,0.1111111111111111,3133.4657442288,-0.919246861058599,0.020938685149493708,7.303856676708735,1.0
0,1.9748872763993206,0.1111111111111111,3703.46974770858,-0.8249319596821953,-0.49857821628245214,7.111982626482123,1.0
0,5.8808793241399,0.1111111111111111,2830.107710284405,-0.8480909995494287,0.5285638645110784,7.361787076782589,1.0
0,3.137811299198958,0.1111111111111111,3639.230971390416,-0.8512859208093506,-0.1386160341397269,7.1502962446135765,1.0
0,3.5524577337395646,0.1111111111111111,3583.8602647679218,-0.9254646164533382,-0.1060770251008969,6.943449942129918,1.0
0,5.968541352089224,0.1111111111111111,2692.011807086804,-0.8559253707615552,0.6700346878593009,7.371457646024815,1.0
0,1.8225985057484475,0.1111111111111111,3048.7928903844404,-0.5151523767856342,-0.6059808800338349,7.4614844223603445,1.0
0,2.233182365998779,0.1111111111111111,3384.7142578854496,-0.7378030476647689,-0.23765209786296682,7.418390202591187,1.0
0,2.3570958383920133,0.1111111111111111,3382.050853532204,-0.7372376383126901,-0.23570514713262103,7.421340113987058,1.0
0,1.4931680765955833,0.1111111111111111,3947.0942747518643,-0.5755319335147987,-0.9290149141130857,6.928472648555827,1.0
0,2.213758052980779,0.1111111111111111,3760.9764335103628,-0.628428408673597,-0.7031280993541196,7.19350352687651,1.0
0,3.291371371296621,0.1111111111111111,4163.413921903649,-0.6205968704929167,-0.5673926122167043,7.493075914059405,1.0
0,2.8795267188409155,0.1111111111111111,4538.436814668101,-0.3831167928834916,-0.935966542176295,7.391905371842627,1.0
0,2.8441439846841465,0.1111111111111111,4923.658922150736,-0.39901118890551224,-0.8893995456005981,7.261169146046267,1.0
0,2.9821587491226844,0.1111111111111111,4455.0151465197805,-0.447229511150618,-0.86896593468791,7.448773547537061,1.0
0,3.1582403653587914,0.1111111111111111,4328.929328451587,-0.536100879143672,-0.7427967922697065,7.477843891160782,1.0
0,4.155432803240406,0.1111111111111111,4659.972245414123,-0.34285476323607006,-0.9434209351059386,7.383327435159775,1.0
0,7.514827939692441,0.1111111111111111,4297.121305864281,-0.3240914352165615,-0.7544233159904681,7.406783823172961,1.0
0,12.193351513720419,0.1111111111111111,4314.463922994876,-0.38607695390455793,-0.7556048440237433,7.403759374214285,1.0
0,3.872867869699472,0.1111111111111111,3241.2952294372,-0.7981466238527886,-0.4835792340520477,7.3806871920487715,1.0
0,2.3048822021532276,0.1111111111111111,2862.7065702552545,-0.7970834117676421,-0.2107297962901935,7.446695184112391,1.0
0,5.007735676430712,0.1111111111111111,2949.015528817061,-0.7922840655607588,-0.2898235914314551,7.438667957901924,1.0
0,3.667728346995986,0.11111111111111113,2012.685762892522,-0.8451127842277676,-0.07743715707717636,7.176822992416695,1.0
0,2.5892506328965306,0.1111111111111111,1611.93488201607,-1.3189155817524958,1.860382336609817,7.062211907398793,1.0
0,3.511916629663453,0.1111111111111111,4753.067645675639,0.5967430425242867,-1.3344825883363518,6.9732745998110754,1.0
0,1.4469437398702323,0.1111111111111111,2999.311631470414,-0.842875391057033,-0.7368165734092269,7.071191038194262,1.0
0,1.8297278776730241,0.1111111111111111,3291.9140595042663,-0.8680094235526471,-0.8199066284047869,6.9404491481386685,1.0
0,1.4357364170594527,0.1111111111111111,4290.332626238037,-0.4281455664733537,-1.5394469234683341,6.856047593138038,1.0
0,1.887555130994769,0.1111111111111111,1813.9180093125622,-1.2893681766107004,1.2090576201425902,7.049913515776606,1.0
0,1.5587774896250837,0.1111111111111111,1592.4107070798134,-1.1813883220365862,1.4388687973091807,7.036266838375438,1.0
0,4.445728314455981,0.1111111111111111,2760.5672309691777,-0.8127228230727251,-0.4007771226312826,7.29800886586829,1.0
0,4.818441990759706,0.1111111111111111,2667.810065511256,-0.8429251476310207,-0.2986473287095568,7.29592859482911,1.0
0,2.557259796520311,0.1111111111111111,3551.6119379193337,-0.35675458925389475,-1.3318348051121982,7.394708355103053,1.0
0,4.011848052752438,0.1111111111111111,3412.632169028412,-0.5388668381350851,-1.0239768499730644,7.353943991063986,1.0
0,4.088767520555839,0.1111111111111111,3745.406293047291,0.03987312772740115,-1.4743710396934748,7.416268183460012,1.0
0,1.7896283071036794,0.1111111111111111,1998.9180282579307,-1.5396537427540546,1.503390764743684,6.419696684072855,1.0
0,2.464387052393141,0.1111111111111111,2139.32588827337,1.0401066451074217,0.847602706292597,7.270979087146865,1.0
0,4.160004651620021,0.1111111111111111,3647.0682873994156,0.5018892148476797,-0.5932645462939403,7.763193442392442,1.0
0,3.819427524132821,0.1111111111111111,3801.492925282197,0.40705370970537175,-0.808750916984772,7.773031247103182,1.0
0,3.505883131562934,0.1111111111111111,3216.5894149151095,0.6310257666484949,-0.3176359333653114,7.6522121640227345,1.0
0,3.8002969900378396,0.1111111111111111,3422.1490965053213,0.2138783845212476,-0.7024352157241296,7.8079348823564505,1.0
0,1.3820853143825718,0.1111111111111111,3729.94877891332,0.16166535549814726,-0.6377985730535634,7.652152213965503,1.0
0,1.8362576378789104,0.1111111111111111,3550.774333335884,0.4410084944101878,-0.47557955001533614,7.771927996778124,1.0
0,2.2323077241550715,0.1111111111111111,3278.5767655815334,0.3200144101039209,-0.4832544901939153,7.7476975021817,1.0
0,5.4006743517300775,0.1111111111111111,3637.0378017336093,0.4188773594223458,-0.5296822533281644,7.788201904084769,1.0
0,1.5751690733533634,0.1111111111111111,2571.6687065973265,0.6434242084686963,0.18176167411742616,7.593134925326387,1.0
0,2.322344492106521,0.1111111111111111,3303.7894319114444,0.5783919233296902,-0.058823529895914106,7.709361267563578,1.0
0,2.8931634828409134,0.1111111111111111,3343.3797940050063,0.6325621975928549,-0.05073343098094796,7.701404482144875,1.0
0,1.4605127057351168,0.1111111111111111,3046.0898675647295,0.4630632308514782,-0.23829125717902633,7.669107588875984,1.0
0,7.830268821434181,0.1111111111111111,4178.037338404188,0.5103384895159103,-0.40740433104772444,7.209685366783587,1.0
0,2.988752819925491,0.1111111111111111,1532.5870792871667,0.5930721649457747,0.4001229883610451,7.251508901113893,1.0
0,3.6557755874311675,0.1111111111111111,1029.459724376164,-0.8012227472393726,0.7789121328447286,6.926575516974307,1.0
0,4.054027717848086,0.1111111111111111,1166.4285174531667,-0.7845951320823822,0.22189240685416278,7.011529137371979,1.0
0,2.9618474263253876,0.1111111111111111,5744.965397687326,0.24777657095481628,-1.522394055942177,7.676038387991136,1.0
0,3.157082421991495,0.1111111111111111,5384.532725387059,0.23801967934899804,-1.4549539178167978,7.7730772391931815,1.0
0,13.966709249473146,0.1111111111111111,4970.192225016377,0.5234094637587233,-1.4505348514301923,7.010700579673205,1.0
0,3.357602809371111,0.1111111111111111,3794.3388348861977,1.2663752253169787,0.3815231017631513,7.3186520607827505,1.0
0,3.632482053474843,0.1111111111111111,3295.347450800724,1.4877232108382654,1.1767163038908492,7.208897625147396,1.0
0,7.324788406399489,0.1111111111111111,3524.5592130255523,1.0403208752250312,0.14123900189826477,7.559449319364521,1.0
0,11.829103363657774,0.1111111111111111,4174.873189751429,0.8669626072929869,-0.43400144341898006,7.640960314820608,1.0
0,5.294569555234765,0.1111111111111111,5070.268993295416,0.8906167651857969,-0.6761201755573687,7.524422644928161,1.0
0,6.141918435970419,0.1111111111111111,5715.428368167052,0.5141593374078464,-1.3022048422122767,7.657865604609675,1.0
0,7.281170660250455,0.1111111111111111,4401.174059838232,0.661747077437378,-0.8499380769307661,7.713098763623013,1.0
0,6.897671129337054,0.1111111111111111,3660.56080340491,0.9788095869628439,-0.07293521186491647,7.5817952869083785,1.0
0,3.9701228354850193,0.1111111111111111,5320.0762593147665,0.7555665588090347,-0.9315936196106391,7.585753142654891,1.0
0,7.3308585306552345,0.1111111111111111,6105.451490392626,0.2153812670708355,-1.4949160616792458,7.827010850348733,1.0
0,10.161126101062578,0.1111111111111111,3225.59266497274,1.2168635991744918,0.750357382937012,7.492542345762611,1.0
0,7.484191878894417,0.1111111111111111,3572.1806066765594,1.3410851695548562,0.5486117708624523,7.199958353603684,1.0
0,7.470839597080231,0.1111111111111111,3578.0123203996686,1.339130086683998,0.5409605343828652,7.20040743154057,1.0
0,20.037396641477294,0.1111111111111111,3829.6031198103856,1.0023506910465572,-0.010850380587921205,7.597582669905395,1.0
0,9.254406130691326,0.1111111111111111,4757.62940108875,-0.07682515160487188,-1.3336227104624379,7.870736184108542,1.0
0,2.1109690981728755,0.1111111111111111,1285.7228390674138,2.7503823098361906,8.84003527616083,6.49559406824113,1.0
0,2.455114942083177,0.1111111111111111,4269.340416710565,0.4456633127205306,-1.387404293441656,7.311174957445289,1.0
0,10.30044105196575,0.1111111111111111,4293.723205542001,1.0374093363532009,-0.5571802320764632,6.929729492174175,1.0
0,11.785258867739717,0.1111111111111111,4457.67475303803,0.6002998849110371,-1.2691894585966819,7.167506058139351,1.0
0,2.446653174553623,0.1111111111111111,2522.07287286741,2.3771721005547795,5.014982538781124,6.698302266601931,1.0
0,12.042683528604467,0.1111111111111111,5351.969042324269,0.9240282171884102,-0.6646785651842979,7.453384303316019,1.0
0,8.09510305374742,0.1111111111111111,5344.668460336455,0.924762781390821,-0.6651753556072992,7.448419898338333,1.0
0,11.411590428877934,0.1111111111111111,3433.7522711452034,1.7338328186114094,1.9161659879672737,7.03725345654434,1.0
0,7.840824065517287,0.1111111111111111,4494.753869382415,1.3034367990017253,0.27271221968567483,7.197923921393443,1.0
0,1.3851678557013076,0.1111111111111111,5503.013656871661,-0.4967097335581384,-1.3493841868161622,7.424756645990637,1.0
0,3.050197614645196,0.1111111111111111,5137.557757720522,1.0299152664322733,-0.6321560410598126,6.961647746877945,1.0
0,3.392001071991724,0.1111111111111111,5112.895999315282,0.9349869833476648,-0.8309395904974695,6.971303129073026,1.0
0,3.7081510787035037,0.1111111111111111,5229.600214150525,0.6260501835210714,-1.2150871339722698,7.260066483056198,1.0
0,4.945959267574891,0.1111111111111111,5624.654229886026,0.5361085758583887,-1.333787228338432,7.2687535913308565,1.0
0,8.177867844804652,0.1111111111111111,6012.527286308318,0.3986061069808671,-1.3334958363923934,7.762822381223428,1.0
0,9.445459318309876,0.1111111111111111,5581.077692926653,0.6577846969661122,-1.0251452682075024,7.661318752145325,1.0
0,5.455039249997256,0.1111111111111111,4330.074531702753,0.5314609615574428,-1.2099657751050865,7.394232600872132,1.0
0,6.018251830663721,0.1111111111111111,3847.5822190068734,-0.09595947603155923,-1.4631364432314355,7.441781244802377,1.0
0,3.821644779206136,0.1111111111111111,3859.372393238674,1.061023408982465,-0.31140267233478935,7.124172954014746,1.0
0,4.96834262245344,0.1111111111111111,3608.57931999919,1.2063272167707342,-0.03213936837183917,6.911576544375512,1.0
0,4.647500225361456,0.1111111111111111,3618.915871619472,1.2011048482576192,-0.0455922572317502,6.915315494129169,1.0
0,5.352799826495766,0.1111111111111111,5392.090875641184,1.1247191019333476,-0.516362553756625,6.3085137510515175,1.0
0,3.9412018157626996,0.1111111111111111,5781.738116708641,0.8554058869514197,-1.0695380711136675,6.367990260368774,1.0
0,5.7602037606818755,0.1111111111111111,5401.113302592807,1.1242049914430159,-0.516593412091912,6.3186204686762775,1.0
0,5.922187274478615,0.1111111111111111,5749.459296740262,0.7783587334129841,-1.1676900873629914,6.651685606506062,1.0
0,4.085003780491917,0.1111111111111111,6267.413019624882,0.481198293934597,-1.547450545080459,6.85033945473091,1.0
0,9.703100736144052,0.1111111111111111,5566.7952193360425,1.7283923716088048,1.2359404384912152,6.379334874337797,1.0
0,5.063046571788453,0.1111111111111111,2884.6696369841743,2.4346145054311816,4.5772405873588005,6.208540709164855,1.0
0,4.3593190894536225,0.1111111111111111,7052.992529753837,0.44180063135273545,-1.6172720780658694,6.977381767720672,1.0
0,13.37654431950187,0.1111111111111111,5807.1890742240885,1.5500101576011922,0.7706231877034573,6.855389650524495,1.0
0,16.254432156264052,0.1111111111111111,6594.400534865438,1.2938253810559681,-0.02180464675772331,6.972373426214161,1.0
0,11.769666004917609,0.1111111111111111,5040.379949949791,1.5990963164927825,0.8718331350073689,6.462969188641314,1.0
0,9.008379595439484,0.1111111111111111,5468.223316638695,1.3489373228284887,0.1280510841750524,6.746908246359258,1.0
0,11.474546401691311,0.1111111111111111,4917.52804586702,1.6500100154521706,1.0455065384885618,6.429269534123662,1.0
0,2.6532185901881338,0.1111111111111111,5532.105155223029,1.379402902848288,0.16795842831141528,6.59711613998431,1.0
0,2.914576596032636,0.1111111111111111,6404.523951118562,1.1457288967424126,-0.4918612639716873,6.464549904524693,1.0
0,14.464269179005694,0.1111111111111111,2397.0388355361365,2.9768451422342523,8.18732711226786,6.32150912855488,1.0
0,5.011443908841504,0.1111111111111111,7342.350429256743,0.8281838322341115,-1.0960923898213415,7.065157337881767,1.0
0,4.117039056593562,0.1111111111111111,5088.554981990992,1.150059852036935,-0.3851270934700013,6.411237812255045,1.0
0,6.8974627276350855,0.1111111111111111,5887.836195020769,0.834445822257282,-1.0546348526386133,6.591577666514073,1.0
0,5.385147064939325,0.1111111111111111,6723.165580374451,0.9731705124932605,-0.7812394865957715,6.860216878349172,1.0
0,6.358381514276991,0.1111111111111111,6573.848547047869,0.9696642231524959,-0.7785089555241163,6.781858668088997,1.0
0,5.608658501528892,0.1111111111111111,4810.113846557394,1.681026035803053,1.145773989704474,6.179937301828428,1.0
0,4.461044976685747,0.1111111111111111,6124.174513731207,0.5654212658504562,-1.3666192657946397,7.0046381400189395,1.0
0,2.159973474683683,0.1111111111111111,6241.349294851815,0.5982654324453082,-1.385365299874761,6.854342348842171,1.0
0,8.492362495392692,0.1111111111111111,5924.156667828823,0.36230392706572806,-1.5481018808751517,7.028875976989637,1.0
0,12.834222446050864,0.1111111111111111,4748.50844193172,1.7959018774000182,1.7311551865505779,6.7119893479650745,1.0
0,8.185442577181213,0.1111111111111111,3671.0467740585664,2.2863757678797785,4.027644951532541,6.5919160951334685,1.0
0,8.150635420669325,0.1111111111111111,5618.559775879646,0.715831733760941,-1.2338135228181752,6.719582635382494,1.0
0,4.272702225612128,0.1111111111111111,2761.8894128666366,-0.37450618079111964,-0.5052900996965373,7.685864064670808,1.0
0,3.4419492243635283,0.1111111111111111,2971.5954922307583,-0.3451681350224159,-0.6156897788172793,7.721036552494772,1.0
0,2.0243568516738377,0.1111111111111111,5131.501955285682,1.0491551306012,-0.5957011857809857,6.4500807851105275,1.0
0,2.129472961172188,0.1111111111111111,4538.374630622691,1.2902894494094406,0.005070406021316476,6.287708144902347,1.0
0,2.3438718195228296,0.1111111111111111,4841.983677862155,1.1401867500509892,-0.38862592926076456,6.275722066516706,1.0
0,4.199647491344122,0.1111111111111111,4542.010198638463,1.3753028366515017,0.23585313171572375,6.429273811871973,1.0
0,4.371755112163245,0.1111111111111111,4699.2583385054,1.2987628760988972,0.008750512054913617,6.436610529637777,1.0
0,1.5796641739472992,0.1111111111111111,5519.055019738546,0.9609373293099664,-0.8290062578919355,6.440741371804474,1.0
0,1.8331425481009684,0.1111111111111111,4530.04120780127,1.3105278910058684,0.03763107901240437,6.388212177575234,1.0
0,1.4352330450055326,0.1111111111111111,5195.23968230471,0.8142937452429011,-1.1370534552195983,6.227999265730503,1.0
0,1.0961447603926557,0.1111111111111111,5893.703839319186,0.2924338017277656,-1.6819684505085464,6.728984143393047,1.0
0,1.9362152706429163,0.1111111111111111,8605.604006228794,0.7670396856508312,-1.281095654054718,6.369454713615124,1.0
0,1.745574716073941,0.1111111111111111,7567.686789458681,1.1671501484824256,-0.5014579121401019,6.070518626732456,1.0
0,1.7884421511551682,0.1111111111111111,7754.972572967087,1.0512419259953034,-0.7720237886109653,5.9938900074499095,1.0
0,1.6152680799301655,0.1111111111111111,6060.095901551624,0.6168342755777101,-1.403230799763909,6.594072490312704,1.0
0,1.5991750427530316,0.1111111111111111,5824.7626251721285,0.658684605350368,-1.3551024729640664,6.5397560847319856,1.0
0,0.7819565440297559,0.1111111111111111,4909.863513218632,1.2263201180865249,-0.2567000342378596,5.6808568089657285,1.0
0,1.3499830626565306,0.1111111111111111,6168.303192545969,0.49395536401868745,-1.5262673932022108,6.6699419012192624,1.0
0,1.529520217713877,0.1111111111111111,5844.874276085503,0.7694452167762608,-1.2000726653142595,6.406246977940631,1.0
0,1.549581445530778,0.1111111111111111,5670.778746046341,0.7184509679334741,-1.2733886109790704,6.486543168203344,1.0
0,1.5991222405983536,0.1111111111111111,5683.322183974604,0.7125910441081377,-1.2817960513931899,6.495265495510525,1.0
0,1.3777843314198817,0.1111111111111111,4347.0297082290535,1.9668036230941377,2.0749540499614554,5.657331261080158,1.0
0,1.8304337675717661,0.1111111111111111,4283.114017207249,2.001806473067718,2.2198255388637937,5.663601915230658,1.0
0,6.35046231561581,0.1111111111111111,3979.907181799252,2.2654124822172004,3.395111342972406,5.515593588524185,1.0
0,2.701326999871916,0.1111111111111111,4972.829028536361,1.7945413455014938,1.4252726966208034,5.8770452746942965,1.0
0,3.787508699560084,0.1111111111111111,4104.9970264512485,2.1619574797343057,2.9617907293941084,5.8209495711835135,1.0
0,2.034143932519693,0.1111111111111111,5033.295456463725,1.443030247203292,0.257023497146573,5.854937294004401,1.0
0,5.384375783426314,0.1111111111111111,5432.890947300571,0.877238510667319,-0.9633419082533474,6.530198427017138,1.0
0,4.632435909970474,0.1111111111111111,5425.746485732662,0.8817276716779776,-0.9555979442424696,6.526231794153616,1.0
0,0.8828943236049019,0.1111111111111111,4457.012814241314,1.2678999100489727,-0.08562945990682458,5.775071489612047,1.0
0,1.765091351572207,0.1111111111111111,4907.78525076532,1.1195315785501994,-0.43709581729149516,6.219890538225952,1.0
0,1.3579564507109754,0.1111111111111111,4693.763147044397,1.1495184617519756,-0.3789074767924867,5.90849907996801,1.0
0,1.392535748499546,0.1111111111111111,5228.3452041206,0.9894796652584891,-0.7281908430023813,6.347869879964502,1.0
0,15.366475784286745,0.1111111111111111,4363.417665936241,-0.020181751048019298,-1.4537404551700486,7.603338737987875,1.0
0,28.167177802150427,0.1111111111111111,4568.901395325276,-0.23718712993766777,-1.4235506151744035,7.5464800793493705,1.0
0,13.64763777985323,0.1111111111111111,4518.980692307385,0.2273739734903165,-1.3430239535892106,7.707466834557732,1.0
0,16.040557314188074,0.1111111111111111,4484.10921258937,0.3001333658215219,-1.3049905085428009,7.680202331849325,1.0
0,10.71095878835665,0.1111111111111111,4620.894447346527,0.148004416696278,-1.3791682077812912,7.7294175033756805,1.0
0,4.83114873563437,0.1111111111111111,4062.790196579724,-0.3608635517058686,-1.2860865671974395,7.531993860258589,1.0
0,2.0316491517159587,0.1111111111111111,3499.171821156955,-0.127680252233677,-1.2543387705110784,7.625080562225166,1.0
0,1.48990116694599,0.1111111111111111,3705.700866845072,0.326504847580636,-1.2185227248983526,7.475731669742949,1.0
0,6.8493430420846995,0.1111111111111111,4122.2242033400935,0.11157290602399594,-1.4277958908067299,7.566122970625168,1.0
0,10.109165194096148,0.1111111111111111,4248.786899820888,0.1514148967780613,-1.4688020829657729,7.526329137441447,1.0
0,3.322022980753747,0.1111111111111111,4418.368505559661,-0.21453093246260863,-1.2659162861026676,7.737494999174175,1.0
0,2.104249489080272,0.1111111111111111,4477.5328503340925,-0.14480704377400735,-1.3212081709949675,7.730534960045837,1.0
0,2.096714737996967,0.1111111111111111,4479.080684352495,-0.14493144621536136,-1.3214645796891935,7.730554853825721,1.0
0,24.908660556870796,0.1111111111111111,4869.6038019236275,-0.059851858608229336,-1.4038311840269788,7.731206976234358,1.0
0,18.839935050825833,0.1111111111111111,4928.7336684997745,0.02836936207816814,-1.3997006133113066,7.7629893027768535,1.0
0,37.58099148291847,0.1111111111111111,4663.695467908662,0.0006953291528561741,-1.4056845795332003,7.763810672231289,1.0
0,18.97639329217389,0.1111111111111111,4899.127631396578,0.0584987912138594,-1.3956710492444133,7.760068906909874,1.0
0,6.971915188788392,0.1111111111111111,4657.745764285551,0.02043163490593208,-1.4102359360939598,7.760046622868717,1.0
0,5.524626747368003,0.1111111111111111,4070.1867085188364,-0.09228255727829515,-1.471717129474489,7.447733254167398,1.0
0,3.7695042732896504,0.1111111111111111,2614.405761628373,-0.8823968013818811,-0.10087091135963266,7.30355070148467,1.0
0,5.453268534493828,0.1111111111111111,4074.7922651946533,-0.09126483359315833,-1.4744257763596291,7.440833637904092,1.0
0,8.010190744009394,0.1111111111111111,4732.717503381269,0.020397203224663398,-1.4579767206066043,7.579325831081892,1.0
0,10.715816296241794,0.1111111111111111,3726.906477889434,-0.6410770479808778,-0.6733338349598803,7.536877608067396,1.0
0,4.594412560033826,0.1111111111111111,3787.1131356674327,-0.4060226124559529,-1.2381410735564957,7.475064221153106,1.0
0,4.123378186486795,0.1111111111111111,3961.0242319224612,-0.37198453287567473,-1.3317903395046498,7.436416639586609,1.0
0,6.221328254827543,0.1111111111111111,5730.570660010624,0.8000503614776193,-1.1497530149257567,6.5064318725369885,1.0
0,8.794141735056346,0.1111111111111111,2093.0453611515695,-1.2431335217520256,0.7218807011132022,7.069374137668901,1.0
0,9.561262450028014,0.1111111111111111,2955.0106485412334,-0.6350396403886186,-0.8038393418339873,7.459220536471095,1.0
0,1.0865532107796538,0.1111111111111111,3103.386997629938,-0.26782920738549515,-1.0798707517368182,7.478172187110549,1.0
0,2.5147519998360575,0.1111111111111111,4073.875948499923,-0.09688969664407651,-1.4976557027273019,7.428220683534527,1.0
0,2.674789473208993,0.1111111111111111,3536.568660403954,-0.1279691583674255,-1.4146759955586952,7.541297038633315,1.0
0,6.6254255435636695,0.1111111111111111,3157.84106038751,-0.8414059928131198,-0.5368499223867294,7.337515485411508,1.0
0,3.295810850463583,0.1111111111111111,4386.46516412249,-0.007024776285423261,-1.4910027294225123,7.361004280279566,1.0
0,4.412458816205758,0.1111111111111111,3599.0583793988117,-0.416321306104406,-1.1888591497470073,7.436606564120775,1.0
0,3.5784950379740033,0.1111111111111111,3837.726481519285,-0.20334776723535813,-1.3861630500142077,7.441243214317325,1.0
0,1.395291231016565,0.1111111111111111,2315.0445267894124,-1.095479089169108,0.377573789636898,7.210970511182665,1.0
0,1.6726894002446742,0.1111111111111111,3396.022951320788,-0.41010453056927265,-1.2103354479445596,7.457176298545986,1.0
0,3.268777899791945,0.1111111111111111,3406.0238978109473,-0.4267065662002305,-1.1981270738615295,7.444992732767675,1.0
0,4.69784628578405,0.1111111111111111,2955.815646638812,-0.622051064628002,-0.7086159822597606,7.426910460951191,1.0
0,3.289768414724974,0.1111111111111111,5773.148660832538,-0.14152064974365886,-1.398082131449599,7.890848462046469,1.0
0,3.3267302145315893,0.1111111111111111,5771.54891912465,-0.14143294584953683,-1.3977617608590494,7.89102770232511,1.0
0,5.3921306228728465,0.1111111111111111,5547.88094442639,-0.4662033278577608,-1.2580367615847188,7.7348208246263646,1.0
0,5.759444519179453,0.1111111111111111,5550.352871020356,-0.4663418575647027,-1.2585757435696188,7.734234032127598,1.0
0,12.541991757512223,0.1111111111111111,4615.280557014559,-0.11137782921119088,-1.288209315205695,7.851565268405986,1.0
0,3.316334653045361,0.1111111111111111,5817.821102648369,0.4438392493699648,-1.3328569036644338,7.57765814165055,1.0
0,4.014360566798936,0.1111111111111111,6453.858625280077,-0.1695576620189587,-1.4928930117508286,7.821064226998249,1.0
0,2.7845539792471703,0.1111111111111111,6128.570122786164,-0.06270545573929254,-1.5123114661016235,7.837074006779815,1.0
0,5.132484285430897,0.1111111111111111,5414.63126237075,-0.13101857759687147,-1.3444587709475457,7.911177034922176,1.0
0,7.500240080010504,0.1111111111111111,5553.335369767294,-0.13609440623755584,-1.3636687734261745,7.903224752818552,1.0
0,3.141709615505279,0.1111111111111111,4762.217638826976,-0.600205188288054,-0.9462508282137083,7.72741322459361,1.0
